age,income,debt_ratio,num_loans,missed_payments,credit_history_years,employment_years,savings,defaulted
59,102371,0.219,5,5,16,15,35409,0
49,46519,0.2918,3,0,6,28,15649,0
35,47931,0.3089,4,0,13,5,2122,0
63,15000,0.4185,9,2,12,28,7433,1
28,66423,0.175,1,4,10,8,8622,0
41,62505,0.2384,6,0,5,4,39740,0
59,43740,0.4617,3,0,8,20,13264,0
39,53362,0.2256,1,5,6,22,33579,1
43,28775,0.0347,5,3,5,15,18139,0
31,78968,0.2776,1,4,6,17,20826,0
31,45206,0.2852,9,4,17,18,0,1
44,116880,0.2265,1,5,6,11,2793,0
56,51487,0.0841,6,3,17,1,39396,0
60,39807,0.2252,0,4,5,25,17664,0
44,46753,0.2687,6,1,17,9,24509,0
23,26760,0.2101,9,5,17,11,47095,0
42,64645,0.1278,4,2,13,13,18085,0
22,46602,0.5298,0,3,7,17,17236,0
44,77625,0.0923,5,5,6,18,38091,0
64,49505,0.4121,6,0,14,5,20185,0
50,82688,0.2994,0,4,16,4,24800,0
58,70149,0.1963,8,1,3,26,34952,0
22,55571,0.2231,6,1,9,15,20001,0
41,86604,0.2418,0,2,15,13,31813,0
53,74045,0.1639,2,5,18,12,18262,0
32,113924,0.2438,4,1,10,20,34717,0
42,46810,0.4511,3,5,10,1,26319,1
64,56532,0.1242,1,4,3,1,16618,1
45,86374,0.2262,0,4,1,11,21113,0
69,24129,0.3365,3,1,3,0,0,1
47,81338,0.6063,6,4,5,18,37906,1
62,63786,0.136,3,5,7,27,1180,1
48,37235,0.2188,8,4,3,27,3963,0
36,27739,0.4751,7,0,4,26,13429,1
35,41550,0.2594,7,5,17,15,0,1
67,15000,0.4971,4,3,3,29,27014,1
64,45209,0.1658,0,4,4,6,25415,0
23,67451,0.3998,8,4,2,26,12701,1
57,45473,0.4142,1,5,14,20,9829,1
27,82766,0.179,5,2,5,6,9599,0
41,88198,0.727,9,3,2,15,29221,1
29,80512,0.5371,4,3,15,24,0,0
59,59612,0.1692,9,3,11,5,13865,1
38,15000,0.5812,7,1,10,17,0,1
24,40926,0.1976,2,0,1,0,31531,0
45,52159,0.0576,5,0,19,0,14956,0
34,37122,0.4833,5,2,14,25,28201,0
29,52209,0.1424,9,3,14,24,38743,0
46,87201,0.3738,2,3,1,13,38996,0
22,22084,0.0734,6,4,9,5,4668,0
40,91233,0.3975,3,5,17,5,24641,0
48,72694,0.4691,4,1,14,3,36820,0
67,60364,0.3047,8,1,13,11,30447,0
27,40727,0.5033,5,2,13,29,31929,0
64,37520,0.6048,9,0,6,17,0,1
28,22475,0.2165,3,3,7,9,30217,1
67,89335,0.6591,7,5,2,2,8106,1
55,85752,0.2907,8,2,8,2,29970,0
34,26874,0.0475,9,1,6,7,29642,0
37,43947,0.0587,4,1,3,21,28848,0
56,63662,0.1901,1,1,18,22,18340,0
60,49009,0.2968,5,3,18,24,39741,0
24,16626,0.4025,7,3,6,0,27654,1
22,41844,0.5495,4,3,11,17,24822,1
26,94020,0.2786,0,4,3,14,5983,0
62,43200,0.4684,7,0,16,24,25941,0
24,51730,0.0928,8,1,5,20,49680,0
49,32096,0.3222,0,1,2,19,0,1
38,66755,0.4261,7,4,15,16,30951,1
46,57303,0.0615,9,1,16,24,32843,0
64,40159,0.4552,1,1,7,10,45882,0
54,28906,0.1222,3,3,16,12,30886,0
30,83090,0.2446,1,3,4,24,20160,0
56,22889,0.037,1,0,16,19,26339,0
34,65076,0.1225,9,1,17,24,15979,0
51,15000,0.1801,2,2,2,9,38288,0
68,69144,0.2529,7,1,16,12,0,0
35,74405,0.2333,3,1,4,16,12681,0
28,76895,0.5681,6,0,7,20,26692,0
34,51775,0.2041,9,2,18,0,37563,1
43,86680,0.23,2,1,6,19,19793,0
60,101155,0.351,9,5,18,15,8264,1
41,48567,0.3743,2,5,7,15,16836,0
36,45979,0.2197,1,2,2,27,14495,0
65,57983,0.2143,5,5,19,20,15185,0
38,45446,0.2743,5,3,9,29,13472,0
67,42522,0.2754,0,3,4,26,13478,0
44,44265,0.2823,6,2,14,2,0,0
46,89315,0.7754,3,1,5,1,24502,1
45,70437,0.1319,2,2,7,5,30121,0
65,45381,0.2647,7,5,8,10,42475,1
61,15000,0.1118,1,2,15,28,32906,0
49,24110,0.4954,8,5,19,2,32140,1
35,65068,0.2038,7,3,11,25,24440,0
65,15000,0.0539,7,2,4,0,0,0
21,60859,0.2481,2,4,18,10,24202,0
45,33688,0.4439,3,5,14,12,21685,1
27,56836,0.0263,1,4,6,4,35448,0
29,56277,0.2499,1,3,16,17,28512,0
44,57411,0.1011,3,1,18,14,18051,0
21,47111,0.0584,5,5,1,17,49372,1
64,46454,0.1684,4,1,8,14,32726,0
28,40584,0.0862,0,3,1,19,25097,0
44,64677,0.2466,9,1,1,19,26829,1
31,71103,0.1241,0,5,19,19,20917,0
37,30620,0.5958,5,0,10,6,20247,0
28,53967,0.0787,2,5,18,16,0,0
55,58931,0.3227,2,5,12,28,6273,0
55,58675,0.3303,6,4,17,7,11886,0
53,58335,0.2704,0,0,1,27,26759,0
25,46959,0.1191,0,0,8,12,0,0
62,60580,0.427,9,0,10,25,12182,0
59,67360,0.256,2,5,10,15,10260,0
61,57820,0.6961,7,3,18,24,21751,1
48,65118,0.5711,0,0,9,9,26796,0
27,74807,0.7348,9,2,2,28,10312,1
29,17981,0.2903,3,1,3,13,11390,0
28,73869,0.3243,8,3,2,5,9795,1
32,61848,0.5642,3,2,6,19,14148,1
54,32767,0.5266,9,5,12,21,19232,1
53,71049,0.2072,7,5,19,25,39726,0
68,47033,0.23,6,2,15,6,4812,0
43,49760,0.0977,2,4,19,5,46262,0
44,44846,0.4917,6,4,12,26,1492,1
57,61047,0.1306,6,2,18,16,34319,0
55,39292,0.1413,9,4,16,20,12863,1
64,73029,0.1406,2,1,2,23,6335,0
60,52222,0.2346,1,1,11,7,39753,0
42,47715,0.5203,8,5,12,11,21226,1
47,70057,0.0892,0,4,5,25,20652,0
55,48608,0.1618,6,0,6,24,15843,0
21,73963,0.2087,3,2,11,3,11278,0
55,74591,0.0925,1,1,10,9,17347,0
57,28303,0.233,1,4,4,5,0,0
67,77185,0.5309,7,4,9,6,0,1
34,25759,0.1429,6,1,12,20,25884,0
23,78431,0.0765,6,1,10,26,37741,0
21,95567,0.4382,4,0,14,7,40453,0
25,72496,0.382,9,4,5,2,5645,1
46,15000,0.2679,7,4,1,7,22892,1
34,76271,0.2331,1,3,5,14,0,0
59,99922,0.4127,1,5,16,29,14729,0
47,48939,0.0839,4,0,5,20,32355,0
29,54305,0.0643,0,1,5,0,19737,0
35,31230,0.0418,5,1,18,12,15023,0
35,61241,0.0517,3,2,6,21,19800,0
46,80383,0.2406,5,5,18,17,39242,0
62,68954,0.7186,6,1,10,14,16329,1
33,117839,0.1785,2,4,15,6,21089,0
52,55660,0.2184,7,1,11,14,42790,0
59,22386,0.038,6,4,19,24,16575,0
69,58419,0.1819,0,4,13,2,0,0
52,15000,0.2932,5,0,3,29,40526,0
24,44337,0.1137,6,1,16,25,35233,0
50,87487,0.2185,3,0,7,13,0,0
57,61502,0.3448,1,5,12,19,18047,1
43,58588,0.3236,9,4,15,3,19667,1
59,91415,0.3949,8,5,8,3,40529,1
65,49588,0.4279,6,1,17,2,19784,0
35,80236,0.2166,0,5,1,4,22488,0
63,57586,0.6705,7,5,8,24,22954,1
49,62600,0.2462,2,1,14,10,13008,0
56,30653,0.3838,3,0,10,7,39458,0
33,45359,0.118,4,0,19,25,8115,0
52,27049,0.3151,0,4,8,1,12718,0
27,53095,0.1898,5,4,19,27,19910,0
42,62808,0.091,9,1,4,15,0,1
48,32799,0.273,5,1,10,24,46481,0
22,95983,0.2174,1,3,3,27,19987,0
62,60562,0.2333,9,3,4,9,32369,1
65,56155,0.2729,5,2,16,17,5637,0
26,70393,0.1605,7,4,4,6,30676,0
48,38421,0.2534,5,5,13,4,31948,1
48,58269,0.3492,3,2,17,28,34113,0
64,40662,0.2572,3,2,16,6,48574,0
64,86173,0.042,8,0,17,20,11626,0
40,33827,0.1911,5,5,6,27,17200,0
50,56263,0.1821,7,0,3,5,7321,0
31,61586,0.2044,7,3,4,23,18556,0
48,62896,0.5078,6,2,8,0,29961,1
45,43375,0.2388,2,3,9,28,29153,0
59,37089,0.0919,9,5,1,10,44611,1
53,43664,0.1765,0,5,13,12,27352,0
21,65566,0.4434,4,4,2,11,20008,1
47,52123,0.4926,9,1,10,0,3623,1
33,70924,0.1249,9,0,19,20,32994,0
61,64540,0.2464,1,4,17,14,17652,0
23,15000,0.1518,9,4,13,0,33335,1
59,59949,0.0602,1,0,14,2,13628,0
26,100009,0.1627,6,0,11,25,38010,0
28,81505,0.302,2,5,10,14,25794,0
47,63440,0.5021,7,5,7,8,34883,1
29,33812,0.3042,8,2,10,13,25787,1
57,64551,0.29,7,3,1,28,6119,0
53,69794,0.1026,5,5,14,22,14519,0
62,49925,0.5497,4,4,3,27,793,0
64,61334,0.2708,2,2,13,21,22769,0
44,85193,0.1815,2,2,2,23,0,0
35,37854,0.0485,6,4,17,7,24408,1
52,33834,0.4526,4,5,3,21,0,1
52,68853,0.1491,5,4,15,3,32148,1
44,64150,0.0851,5,1,8,19,3444,0
61,75576,0.2871,8,5,6,19,5691,1
69,66395,0.2817,0,3,9,5,40578,0
69,43644,0.0916,7,4,11,0,24796,1
32,63643,0.4472,9,5,2,27,32695,1
59,32157,0.0552,4,0,9,17,4919,0
22,49993,0.4051,5,1,18,5,34428,0
23,65055,0.2816,5,3,19,29,17938,0
69,47789,0.2557,0,5,18,13,21764,0
57,104361,0.1236,2,0,5,10,42354,0
69,17156,0.3752,5,5,18,16,2556,1
37,44050,0.6372,8,0,12,8,33695,1
69,36244,0.1349,5,3,4,27,25781,0
22,40993,0.2315,5,1,15,21,16803,0
22,42140,0.3385,0,0,11,6,3587,0
48,28471,0.4571,8,2,19,13,16635,0
43,70054,0.0294,3,3,5,27,7724,0
57,44058,0.5077,1,3,6,16,37802,0
52,58271,0.2361,0,4,13,7,21376,0
53,46303,0.3139,2,1,10,27,9845,0
21,41182,0.3559,2,2,14,15,0,1
39,88445,0.2405,4,2,4,11,13054,0
22,73458,0.4764,0,4,12,11,38543,0
64,17635,0.3236,6,0,15,27,21671,0
46,15517,0.0303,0,0,10,27,17297,0
52,75852,0.3251,3,2,11,4,45480,1
26,44602,0.6496,5,1,9,4,13781,1
52,22018,0.3293,0,0,11,13,7875,0
24,75914,0.5234,6,3,2,5,26061,1
31,58382,0.3103,9,5,13,6,26293,1
37,60031,0.4993,6,4,8,22,11198,1
58,71190,0.4259,2,1,8,20,8035,0
44,28800,0.2495,3,0,1,16,41706,0
25,22369,0.109,5,5,6,26,13505,1
54,86619,0.2844,6,2,13,8,0,0
26,26256,0.4017,3,4,9,21,22893,1
42,30555,0.0448,9,0,6,12,33418,0
31,34551,0.5476,8,2,15,8,17140,0
68,96598,0.4651,8,0,16,26,28056,0
36,64867,0.367,8,4,4,15,4289,1
53,74308,0.0226,9,3,17,3,29423,0
29,58923,0.2605,5,3,9,1,5671,1
26,42962,0.6084,1,5,12,12,24577,1
36,67625,0.1689,1,2,19,12,31515,0
49,23867,0.2656,3,3,12,18,21480,1
23,33094,0.4919,8,4,6,11,1468,1
40,69659,0.3618,2,2,12,3,2118,0
56,27854,0.0329,5,0,9,9,43896,0
39,51218,0.2198,1,1,5,15,8477,0
46,52129,0.2089,0,0,3,27,31476,0
23,44426,0.2432,4,4,2,23,21775,1
39,15977,0.5012,7,5,8,18,4939,1
40,42421,0.1365,9,2,10,7,12008,0
52,38500,0.4254,9,0,15,5,45497,0
27,58228,0.1324,1,2,9,3,72344,0
61,57209,0.5268,9,3,10,29,15240,0
53,62559,0.1357,8,1,11,6,14204,0
60,41480,0.1114,7,4,9,13,0,0
59,65455,0.2934,2,0,14,26,0,0
38,23879,0.2177,0,1,5,12,7141,0
60,18561,0.3545,3,4,9,20,13324,1
21,15000,0.1583,7,4,4,4,19618,1
31,45014,0.0554,2,5,2,8,30352,0
48,39934,0.3394,9,3,19,28,23313,0
45,70786,0.1902,1,5,1,2,30600,0
43,42026,0.1069,6,5,1,9,10790,1
51,60467,0.1518,3,2,12,14,18938,0
50,71265,0.336,5,2,11,19,14538,0
62,41273,0.0656,4,1,1,20,999,0
55,60961,0.2748,1,3,14,16,0,0
27,75038,0.4615,9,4,11,22,9962,1
36,30236,0.136,1,3,7,23,0,0
46,55497,0.1246,8,3,2,5,3006,0
68,41359,0.1875,9,1,15,24,28177,0
69,31510,0.3118,1,2,8,2,22702,1
22,24270,0.6222,7,3,15,17,20321,0
21,31187,0.1905,7,3,8,4,37707,1
68,56200,0.2069,0,3,10,12,9072,0
32,22783,0.4385,0,0,19,24,30229,0
25,43985,0.2367,3,3,3,26,7893,0
57,71263,0.1442,1,3,14,0,24161,0
52,63980,0.1607,0,4,9,16,22303,0
29,44389,0.2965,8,5,9,25,23112,1
61,88793,0.2572,2,0,6,2,14199,0
55,92860,0.1446,0,3,8,25,24789,0
39,55522,0.1686,1,5,11,18,25962,0
68,15000,0.0907,7,3,8,20,0,1
36,72728,0.5939,4,1,12,19,32727,0
23,15000,0.105,6,1,10,21,1461,0
40,84522,0.2976,5,5,4,11,6839,0
44,76671,0.3826,0,0,16,7,23629,0
53,90484,0.2119,5,4,6,7,28968,0
44,60205,0.1245,6,0,9,14,23300,0
31,47772,0.3073,3,0,5,10,24883,0
69,45997,0.0986,7,1,6,19,2949,0
28,44074,0.108,7,1,17,0,12144,0
56,74621,0.3773,6,4,17,28,0,1
58,69245,0.1842,1,3,13,15,6218,0
60,57404,0.0392,5,4,17,29,0,0
40,40556,0.4811,5,3,14,13,20199,1
55,107584,0.4409,6,5,2,6,55341,1
68,73247,0.2481,5,5,19,5,31401,0
45,23045,0.1196,1,2,3,20,0,0
55,44674,0.3147,7,1,2,3,0,1
45,73635,0.3263,3,2,2,21,517,0
49,39009,0.3413,8,2,7,7,0,1
38,62030,0.3602,7,1,4,21,15762,0
66,74015,0.1514,2,2,17,18,23431,0
38,15000,0.3312,2,0,6,24,605,0
22,52839,0.0739,7,3,7,2,16654,0
55,53624,0.2645,1,4,6,3,23303,0
36,46758,0.3876,8,1,9,12,30484,1
61,61033,0.3586,3,0,4,20,22341,0
56,68150,0.2518,5,5,5,26,24956,0
53,57841,0.193,2,4,19,1,19438,0
24,47523,0.23,2,4,10,10,4787,0
53,67652,0.1533,2,4,18,15,8067,0
34,55981,0.1258,9,2,15,9,158,1
41,50385,0.3581,1,2,1,14,42480,0
68,28754,0.0789,7,2,5,26,0,0
40,23746,0.032,8,2,5,9,34281,1
28,28375,0.2358,7,0,8,1,0,0
27,60566,0.1927,9,2,15,5,31511,0
23,53418,0.2523,2,1,17,13,34581,0
37,25394,0.1609,6,4,19,1,37279,1
53,67918,0.4083,9,0,13,9,4378,0
68,82486,0.292,1,5,10,16,22464,0
32,43030,0.1538,3,2,17,7,10990,0
42,20180,0.1373,5,5,5,25,6700,1
42,40817,0.3415,4,4,18,15,20657,0
66,72089,0.2747,8,0,17,13,32208,0
50,65970,0.2634,9,4,4,9,11072,0
58,36551,0.299,3,5,7,12,24937,1
58,85423,0.3284,4,0,5,0,6383,0
65,81965,0.1538,3,3,8,9,4351,0
28,40339,0.1607,7,0,8,29,15133,0
47,40134,0.132,7,2,11,21,16032,0
47,43143,0.2031,2,5,9,11,30016,0
54,44853,0.2963,0,4,19,29,1227,0
41,74010,0.2989,5,4,19,16,52379,0
50,63506,0.0447,1,4,9,23,0,0
53,72541,0.6332,1,1,17,13,23421,0
48,68471,0.4687,2,1,16,4,15723,0
67,89290,0.1333,7,2,7,18,10274,0
53,33812,0.1714,2,3,3,4,17373,0
25,62607,0.3763,6,1,19,14,30082,0
68,15000,0.3931,9,0,8,12,32412,1
39,28660,0.3858,9,5,5,16,16736,1
24,53502,0.1903,8,2,6,0,24976,0
55,63364,0.332,7,3,2,27,45,0
69,52963,0.524,0,0,19,13,17235,0
37,43656,0.2287,6,4,13,3,25915,1
64,47211,0.2991,6,1,6,24,0,0
48,82388,0.436,7,0,6,29,21213,0
50,47319,0.0635,9,3,2,8,17476,1
49,89984,0.2349,4,2,5,16,39047,0
66,70880,0.4095,9,0,11,2,22506,0
26,64150,0.1244,8,2,11,12,27197,1
55,31128,0.4313,8,4,14,11,15927,1
61,73704,0.0256,7,3,13,15,29480,0
57,45124,0.3316,5,3,8,3,28434,1
44,31111,0.4763,5,1,15,17,400,1
49,65256,0.2411,0,5,12,22,24664,0
69,27241,0.2811,5,3,3,2,37733,1
66,39755,0.1935,3,0,5,16,34756,0
51,54797,0.2191,3,0,6,0,20410,0
55,99368,0.2301,1,0,2,18,24825,0
53,41261,0.3791,3,4,8,21,33723,1
41,45835,0.4658,4,3,5,3,2917,1
52,69646,0.1175,4,3,17,16,27115,0
43,30234,0.4314,4,0,2,6,0,0
53,63856,0.1676,3,1,11,1,32935,0
23,79118,0.047,0,1,4,11,14228,0
38,48858,0.1841,9,3,11,4,18703,0
45,75523,0.3584,7,3,9,15,11669,0
62,60828,0.4865,2,2,6,7,19384,0
51,40386,0.0766,1,3,2,22,23830,0
23,51043,0.3397,8,0,15,26,31314,0
60,47404,0.4694,6,5,5,27,39492,1
66,53247,0.2258,8,4,12,7,20728,0
44,58054,0.393,1,3,13,12,0,0
52,66763,0.0482,8,3,17,25,39584,0
67,65173,0.3815,9,0,4,13,0,1
42,15000,0.2077,8,2,10,10,13666,1
43,53053,0.1077,8,5,1,5,12644,1
22,24811,0.3778,9,3,11,15,20173,1
47,49485,0.1613,9,1,16,22,1047,0
62,52524,0.1932,3,1,11,24,319,0
22,74522,0.1609,9,1,9,21,19677,0
46,54397,0.3468,2,4,2,24,8033,0
37,60184,0.432,5,4,7,14,40191,0
60,70861,0.0972,2,5,19,15,11736,0
53,79555,0.1229,8,3,18,12,4575,0
29,52539,0.2508,2,3,7,11,45077,0
63,56883,0.3352,1,3,9,17,27049,0
68,55200,0.1557,7,4,12,28,60754,0
59,44148,0.2134,5,5,3,17,0,1
49,39617,0.0582,7,3,16,13,23116,0
62,15000,0.1446,6,0,7,1,27284,1
46,33466,0.3092,2,2,5,21,20417,0
55,19427,0.2021,7,1,7,1,14569,0
45,80103,0.3712,9,1,19,2,38684,0
44,58768,0.1349,0,0,17,28,26995,0
33,52481,0.3402,0,3,16,23,0,0
27,40650,0.6243,9,5,19,7,6959,1
56,55595,0.3594,7,5,18,10,2539,1
65,38040,0.3367,8,4,19,11,18182,1
40,58480,0.1098,9,3,4,3,34232,1
21,59914,0.5419,5,5,1,8,14311,1
28,37772,0.2106,4,3,4,23,16203,1
66,37390,0.4107,1,1,4,16,5314,0
36,74243,0.2521,8,1,9,23,31420,0
34,53942,0.1411,5,4,8,15,38489,1
32,39379,0.0137,7,1,2,16,19513,0
43,47589,0.2831,8,3,6,14,43700,0
35,34788,0.4832,8,0,11,19,11838,0
48,53656,0.2037,7,4,4,25,0,1
54,71632,0.0078,9,0,14,21,32065,0
22,54446,0.3371,7,3,9,6,18561,1
52,102272,0.7422,2,4,2,9,11281,1
43,63427,0.1376,2,0,1,28,21150,0
42,59599,0.0523,1,4,4,3,0,0
45,36833,0.3069,0,3,12,23,0,0
42,50229,0.1519,3,5,5,23,21388,0
42,39419,0.2882,1,4,9,13,26515,0
69,15000,0.1883,1,5,4,13,40907,0
62,74485,0.1822,4,3,16,13,33299,0
26,44770,0.122,3,4,2,24,29530,0
35,39791,0.2046,0,4,16,13,39056,0
63,59211,0.4162,8,5,16,21,27348,1
57,65249,0.0429,3,1,11,19,14836,0
53,48584,0.406,4,5,1,17,33685,1
28,54947,0.4327,6,5,15,14,33134,0
64,69923,0.4255,1,5,4,22,19882,1
64,47796,0.5374,7,3,18,25,2002,1
25,61046,0.135,1,2,17,18,0,0
59,21815,0.1344,9,5,7,26,32635,1
24,30173,0.2824,4,4,18,12,27180,1
26,67110,0.1805,1,0,13,11,29286,0
65,29128,0.4097,1,1,10,18,33196,0
52,59682,0.0605,3,5,1,18,6514,1
50,52060,0.5635,3,5,2,19,0,1
67,47710,0.2496,7,1,17,1,27737,0
55,38430,0.3879,5,5,3,28,37966,1
60,73186,0.1214,9,4,17,28,25277,0
36,89597,0.4087,7,2,12,20,0,0
33,61003,0.1759,6,5,12,2,23610,0
62,61449,0.5179,9,1,10,9,3128,1
50,41353,0.1594,3,5,7,4,0,1
39,31078,0.2744,1,3,10,11,19884,1
37,54205,0.0817,8,4,18,28,22437,0
39,35525,0.0677,1,4,6,6,18520,0
48,19547,0.2582,0,2,7,8,26572,0
46,71068,0.1243,7,3,17,1,8141,0
57,72043,0.0638,9,3,12,24,21285,0
46,37823,0.4416,8,2,17,9,12719,1
43,59879,0.4731,0,0,18,5,16224,0
29,75039,0.3133,6,5,14,11,24026,1
32,59100,0.356,1,3,11,5,35894,0
21,31136,0.4011,5,0,2,26,24384,0
21,50342,0.3351,4,0,1,2,29360,0
67,81536,0.1469,0,4,11,29,20153,0
54,59940,0.46,1,5,2,9,27314,1
52,65782,0.3103,1,4,16,28,35506,0
68,61832,0.0587,9,1,3,8,48187,0
45,37889,0.3389,9,4,1,19,38161,1
60,42583,0.2582,5,3,8,4,19173,0
65,61777,0.3661,0,3,19,2,37169,0
21,71337,0.1867,3,5,1,4,28235,1
36,76998,0.146,9,0,5,7,10891,0
59,37837,0.055,4,3,1,7,28442,0
25,63662,0.3394,1,4,11,13,3069,0
42,78740,0.1892,1,4,9,23,28464,0
49,35258,0.2174,6,5,5,21,46276,1
23,84734,0.2641,6,4,2,16,32339,1
32,87778,0.3188,5,2,13,10,37949,0
46,107501,0.2662,0,5,18,25,14327,0
36,59618,0.1256,2,5,12,15,27213,0
57,59728,0.4009,8,3,14,27,30472,1
42,71539,0.2123,9,5,5,5,15422,1
49,70956,0.033,0,1,10,27,30255,0
34,77527,0.4228,1,3,2,10,26820,0
48,70680,0.211,7,3,4,9,30422,0
25,52878,0.2603,6,2,12,22,4548,0
67,79439,0.3981,8,3,11,29,39141,0
69,33574,0.4741,9,0,4,8,26759,1
50,55117,0.2657,3,4,11,27,18227,0
66,86274,0.3548,3,4,9,23,18589,1
25,29995,0.0941,6,5,10,26,19417,1
32,41450,0.1398,0,2,6,27,7566,0
36,68434,0.1097,9,4,15,23,37837,1
46,62878,0.5503,8,0,10,14,34446,0
46,37499,0.2867,1,2,6,6,35454,0
68,46676,0.0763,0,1,1,17,42697,0
41,31384,0.7825,6,4,4,0,22846,1
59,74609,0.3472,5,3,14,14,0,1
56,49882,0.2732,2,0,8,1,29433,0
53,90843,0.2593,0,0,11,21,28874,0
50,56622,0.1446,4,4,15,28,43307,0
57,50605,0.1934,9,5,19,1,36231,1
43,48663,0.2161,3,1,8,9,22009,0
30,50116,0.3635,4,3,13,19,17835,0
25,57216,0.4596,0,1,18,14,35054,0
56,105248,0.5503,0,1,17,9,0,0
54,48222,0.3894,4,4,6,18,23620,1
51,48872,0.093,5,3,15,21,34184,0
30,56311,0.4212,4,4,13,27,18184,0
39,76805,0.0351,1,4,18,27,14267,0
52,26580,0.1276,8,5,11,12,24422,1
21,64101,0.2634,4,0,13,29,40241,0
25,38651,0.1966,4,5,1,23,26765,1
65,66065,0.1978,9,5,18,10,9844,1
24,45124,0.3373,8,4,5,21,38254,0
36,15000,0.5061,2,5,6,1,41174,1
44,62391,0.113,4,5,1,20,7890,1
36,62222,0.2016,4,2,7,26,61978,0
22,43418,0.2888,1,3,4,12,19990,0
69,42233,0.2798,3,0,9,21,34226,0
48,28772,0.2938,1,3,15,24,30911,0
52,70461,0.0881,4,0,6,21,9529,0
47,72644,0.0107,9,2,17,25,13227,0
40,37418,0.3938,1,4,18,20,21015,0
44,44201,0.3125,9,0,4,0,0,0
32,53734,0.1784,8,0,9,25,32314,0
55,100417,0.4126,9,0,14,4,0,0
53,65902,0.4059,5,2,3,20,20220,1
53,36131,0.0901,7,3,1,21,9924,1
63,61075,0.2383,8,2,11,6,28682,1
57,27466,0.4507,7,0,1,12,0,0
32,69359,0.3195,4,5,12,12,0,1
23,88510,0.1408,4,0,9,19,11048,0
21,88595,0.571,5,5,5,22,27782,1
53,69697,0.2867,0,4,15,20,23323,0
60,43331,0.2144,7,2,18,5,35754,1
30,28981,0.5384,1,5,9,19,21618,1
63,26995,0.4685,5,2,13,11,19733,1
64,15000,0.3337,8,1,13,7,3926,1
49,68877,0.1841,2,3,13,8,16649,0
33,52943,0.3426,1,1,10,17,19707,0
32,73184,0.1094,9,5,10,27,0,0
51,83560,0.3299,4,1,7,10,6646,0
66,56998,0.1427,8,3,5,19,26950,1
22,57919,0.2936,5,5,7,10,22692,1
55,45713,0.4359,7,4,10,23,16204,1
43,48078,0.5147,7,4,10,23,10888,1
37,69569,0.334,6,3,13,14,0,1
46,51512,0.3459,4,3,15,8,0,0
28,48619,0.4204,1,5,6,2,15399,1
49,54633,0.3458,9,2,12,16,42334,0
46,72726,0.4437,9,5,19,24,20553,0
30,41146,0.4399,4,2,11,16,35320,1
46,53669,0.1428,6,2,6,2,2349,0
54,59905,0.1457,6,2,1,18,24247,0
61,78204,0.0831,1,5,2,8,9444,1
27,50214,0.2167,6,0,15,16,8865,0
24,40643,0.5177,5,0,4,22,31168,1
65,45312,0.3486,6,4,5,17,18193,1
31,76061,0.4082,7,0,15,22,0,0
49,95666,0.1157,3,0,11,14,21470,0
56,28724,0.4074,0,2,10,0,9257,0
45,33093,0.1914,7,2,17,28,0,0
41,51624,0.4209,7,3,2,25,5069,1
56,57219,0.1433,2,2,10,9,50688,0
30,70739,0.1133,2,5,3,7,38185,1
57,37177,0.4632,4,3,19,9,0,1
29,33737,0.4047,2,3,5,28,17174,1
44,57761,0.0769,4,0,3,25,18267,0
55,49831,0.2027,7,2,8,1,16009,0
69,73534,0.0588,0,0,5,18,10041,0
55,64747,0.3354,1,2,12,13,31206,0
68,66107,0.2068,1,0,14,7,34140,0
56,52910,0.2242,3,0,7,18,35735,0
38,102111,0.4401,8,0,11,0,24951,0
69,38245,0.0585,1,5,8,15,29129,0
59,67216,0.0625,8,4,5,24,14832,0
52,29606,0.3535,6,0,8,23,0,0
44,33530,0.0318,9,1,12,14,0,0
43,42853,0.1049,7,1,15,19,7224,0
52,87586,0.3108,0,1,19,23,16991,0
57,60277,0.0557,4,5,16,29,752,0
32,43190,0.2996,8,3,14,4,3051,0
69,62488,0.4036,3,0,7,2,14324,0
33,55702,0.3271,1,1,8,16,32961,0
43,45160,0.1932,5,5,7,28,25014,1
45,27067,0.1577,1,3,18,9,7047,0
55,83770,0.3965,2,1,6,4,20695,0
61,59196,0.2408,7,2,19,10,70,0
50,98474,0.2033,2,4,4,5,7047,0
37,73806,0.3214,1,0,3,3,0,0
69,66026,0.2068,5,4,17,6,26432,0
40,46295,0.0502,2,4,19,18,15757,0
68,33093,0.5348,0,2,15,6,17634,1
45,50645,0.5119,2,2,6,13,32089,0
42,32514,0.6137,5,2,12,16,5041,1
33,68003,0.1874,2,3,19,22,27001,0
39,87653,0.6417,8,1,6,16,49773,1
69,49781,0.3847,6,0,11,12,5268,1
56,73889,0.1036,4,2,10,26,0,0
32,41215,0.4576,1,5,16,0,1132,0
61,48950,0.6578,8,0,18,1,25828,0
39,38700,0.543,4,0,14,17,46194,1
32,15000,0.3641,6,0,4,3,45579,0
29,54269,0.2079,8,2,12,12,32673,0
27,57569,0.4933,3,2,8,0,33189,0
48,76317,0.0516,8,1,7,3,26968,0
34,70908,0.1517,0,2,9,1,30876,0
51,71179,0.1072,5,2,17,3,24556,0
39,35519,0.222,1,0,10,15,8003,0
67,64189,0.3728,7,1,3,3,45701,0
36,86651,0.2467,4,4,8,24,40031,1
25,62597,0.1146,2,2,14,8,8345,0
55,91571,0.0665,1,5,7,16,29727,0
32,95379,0.268,7,2,16,20,41918,0
45,49630,0.3198,6,4,18,22,26280,0
41,41061,0.1773,8,0,11,19,16919,0
56,39770,0.3866,7,1,6,27,41445,0
43,24677,0.0819,3,0,14,20,23830,0
36,44631,0.6341,1,3,13,1,10581,0
59,79153,0.5749,1,2,4,2,2747,0
65,15000,0.243,1,5,11,22,0,1
62,34250,0.3553,5,3,18,25,49596,0
59,52457,0.2942,6,2,1,28,7447,0
34,37456,0.2882,5,3,12,14,34459,0
51,44454,0.1828,1,4,18,6,6194,0
25,44753,0.1064,3,2,7,3,22504,0
55,49849,0.2891,2,5,12,11,26745,0
43,40410,0.1288,3,2,1,0,1413,0
49,38775,0.2898,4,3,4,16,34355,1
63,73686,0.3229,6,1,18,3,17026,0
31,75993,0.3082,8,3,15,3,28289,1
38,27389,0.1556,1,2,3,21,41817,0
67,15000,0.4324,7,2,7,22,31094,1
32,76267,0.3597,2,1,6,24,18577,0
29,30423,0.191,8,0,15,8,49160,0
30,59254,0.1681,9,1,15,25,19330,0
64,23686,0.5176,3,0,6,27,21396,1
37,80955,0.2556,2,5,8,27,17545,0
58,105873,0.2556,9,2,8,20,1615,0
27,58656,0.0259,5,4,1,9,0,0
66,53117,0.4155,9,4,13,26,11686,0
33,48557,0.5688,8,3,13,18,4794,0
60,70635,0.236,6,1,11,18,15834,0
62,66353,0.0472,3,1,4,14,32392,0
29,75069,0.202,2,4,7,21,13863,0
47,42441,0.3296,9,0,12,16,23299,0
22,61802,0.3404,3,1,13,6,12411,0
25,44150,0.2919,2,0,12,2,58175,0
49,33845,0.1104,2,0,16,4,42623,0
57,54179,0.4322,8,0,6,15,16285,0
58,36549,0.1931,3,0,14,22,24082,0
39,78474,0.0702,8,3,19,6,0,0
28,37761,0.3236,9,3,16,15,16783,1
68,62270,0.1391,4,4,4,8,10994,1
65,42931,0.1573,6,3,5,0,31143,1
21,60541,0.1288,4,5,9,2,6045,0
42,44520,0.1259,0,1,3,24,44866,0
37,29855,0.2097,1,5,10,7,19018,0
27,64675,0.1773,4,3,17,17,6958,0
45,50291,0.0906,5,1,19,23,20482,0
65,60719,0.0951,6,1,10,23,31051,0
24,46423,0.3577,1,0,12,17,27806,0
56,28441,0.1682,9,4,7,23,22348,1
26,76663,0.4639,8,0,18,18,33164,0
51,69735,0.1802,5,0,19,6,32247,0
39,43660,0.2331,1,5,15,28,32322,0
64,56395,0.133,1,3,7,24,15864,0
59,75840,0.0565,2,5,12,19,15760,0
47,45859,0.1317,0,3,7,26,16889,0
30,48962,0.3367,8,5,10,5,12589,1
46,59872,0.0603,9,1,10,24,21585,0
39,45818,0.2429,3,3,5,26,19915,0
59,72141,0.3151,4,3,18,10,44826,0
23,51621,0.5465,6,5,9,4,12427,1
65,39319,0.2381,0,2,16,11,5199,0
33,67172,0.127,2,1,7,0,29686,0
48,32157,0.4249,2,1,10,18,21072,0
40,95297,0.2617,1,2,5,10,9704,0
48,86649,0.1617,7,5,7,14,31731,0
28,65269,0.1516,4,5,5,24,15815,0
61,63586,0.4297,0,1,15,15,42864,0
59,62648,0.3105,1,5,19,2,5747,0
21,45218,0.1445,0,4,10,10,11287,0
23,60946,0.4581,5,4,8,10,21914,1
33,36537,0.1246,8,2,9,9,40366,0
48,65076,0.5934,6,3,11,1,9297,1
69,72356,0.3338,4,4,2,19,25647,0
45,47438,0.5223,2,5,3,4,2540,1
53,43097,0.0765,7,2,13,22,33750,0
58,30750,0.3835,9,4,11,22,10222,1
26,84159,0.455,3,0,10,24,29281,0
64,44686,0.4808,8,2,15,28,30056,0
65,51025,0.0846,4,1,6,7,0,0
52,61003,0.5502,5,4,1,12,23139,1
65,60644,0.5552,4,1,14,14,12414,0
67,69931,0.3494,9,2,18,1,27477,1
41,47413,0.4769,6,4,11,11,6889,1
36,32226,0.4216,6,1,8,23,11278,0
41,28726,0.0193,0,3,3,7,37976,0
31,43414,0.3716,1,3,14,20,36816,0
57,35962,0.2343,6,0,2,28,5088,0
56,48927,0.2145,7,5,16,18,46945,1
55,81151,0.4297,3,2,6,24,0,0
39,47454,0.2104,5,5,1,27,23218,1
40,47446,0.3567,9,5,14,22,733,1
38,54672,0.178,2,1,10,0,25570,0
67,46887,0.2446,6,0,6,7,16075,0
61,53652,0.2684,2,2,9,9,4735,0
69,65817,0.0678,6,3,7,12,8938,0
34,72695,0.2616,7,5,2,4,8200,1
35,75064,0.3356,2,1,11,21,21145,0
51,96137,0.3838,1,5,14,8,34620,0
21,66387,0.1948,5,4,5,9,49382,0
23,99689,0.3442,3,3,9,13,17436,0
36,39470,0.1441,7,5,7,23,24482,1
43,96825,0.0988,1,4,14,29,37793,0
31,47392,0.2367,3,4,16,10,13265,0
32,49359,0.259,1,1,16,13,8253,0
30,52602,0.3318,1,1,7,29,49226,0
52,50627,0.1484,1,4,10,2,17303,0
36,56716,0.2232,0,0,6,28,23260,0
28,43399,0.0367,3,5,17,20,0,0
58,71599,0.2177,1,4,1,15,12142,0
32,43943,0.6946,8,4,2,19,48307,1
44,68112,0.1049,8,1,14,29,26942,0
48,85554,0.4953,6,5,4,16,19569,1
28,47857,0.2512,5,2,9,4,40905,0
48,70887,0.2756,2,3,6,25,0,0
56,66183,0.099,6,1,17,6,13778,0
46,100057,0.3066,0,5,11,16,54124,0
28,44903,0.1951,8,5,4,19,19250,1
48,70901,0.2602,3,0,9,21,19146,0
48,22479,0.1908,5,3,16,10,37687,0
57,45082,0.1164,5,1,3,11,38729,0
61,62067,0.2768,2,1,4,24,476,0
56,82863,0.326,3,2,3,26,26419,0
47,30481,0.1977,9,0,13,23,46336,0
37,70721,0.1498,2,0,19,1,10353,0
29,53735,0.1639,5,5,1,26,14413,0
53,24569,0.4158,0,5,6,18,20432,1
40,58631,0.3026,7,1,3,25,30415,1
33,89183,0.3278,7,2,3,28,0,0
48,32591,0.3687,8,1,16,4,0,0
68,52801,0.0491,5,4,10,10,23232,1
49,35267,0.1137,0,5,17,22,37488,1
33,45628,0.5423,2,4,7,18,15320,1
66,83643,0.0655,0,2,13,27,10844,0
55,49569,0.1927,4,1,11,6,17495,0
26,83031,0.4477,2,5,10,20,43963,1
38,77181,0.2233,1,2,7,25,10031,0
25,47745,0.1565,2,1,6,21,28554,0
67,44948,0.2419,8,1,1,5,2696,0
45,37080,0.2385,7,4,17,10,3414,1
22,36382,0.1722,2,3,12,26,32675,0
30,62064,0.0204,1,0,4,13,44515,0
50,54604,0.1132,4,5,3,27,33335,0
65,42527,0.245,0,0,6,3,0,0
25,24024,0.1755,3,2,16,27,13700,0
53,57123,0.412,7,0,13,7,23583,0
21,45608,0.2323,0,4,9,8,20893,0
38,51094,0.3974,4,3,11,1,0,1
52,61093,0.1348,3,5,13,24,542,1
67,15000,0.3573,5,1,19,10,7973,0
69,24334,0.1071,6,1,3,27,18985,0
31,100928,0.2219,8,4,12,19,0,0
41,44867,0.4562,0,5,19,21,29003,0
46,15000,0.1285,9,0,8,29,18605,0
45,26001,0.3391,3,1,14,6,4351,0
42,104689,0.2991,5,0,9,3,22903,0
47,40940,0.1393,9,4,17,23,0,1
69,78180,0.4057,6,1,6,28,19218,0
33,57422,0.2662,6,2,4,13,0,1
53,45300,0.4676,7,3,4,25,0,1
54,70508,0.2073,9,0,19,23,13189,0
61,15000,0.5953,7,5,12,0,9255,1
55,26177,0.6164,7,0,2,23,25764,1
21,45152,0.2013,7,0,17,25,19720,0
41,28141,0.6006,7,0,15,29,51505,0
68,43384,0.1546,5,4,10,11,16022,1
26,72074,0.0585,8,4,3,18,0,0
48,57642,0.4239,2,5,4,4,0,1
37,81612,0.0991,5,4,1,29,2058,0
25,58907,0.2876,4,5,1,25,70768,1
51,74849,0.2648,7,5,18,7,19449,0
25,53718,0.2771,3,4,4,10,36627,0
58,43194,0.2903,3,1,15,21,35108,0
23,84611,0.1379,9,4,10,3,996,1
43,40812,0.2352,9,1,17,14,0,1
57,61876,0.1889,4,2,12,19,29634,0
57,70377,0.2679,5,4,12,11,0,1
30,71829,0.2202,3,2,16,19,34664,0
30,31691,0.4379,1,4,5,21,18244,1
39,76039,0.2291,1,2,16,22,29240,0
37,35420,0.1905,2,3,17,28,24551,0
41,71214,0.2703,1,2,15,20,25352,0
34,65703,0.114,0,1,13,9,21567,0
29,71372,0.261,7,0,8,29,24224,0
66,30899,0.0183,4,5,2,23,20691,0
21,66758,0.351,9,2,8,15,0,0
65,76711,0.3551,0,0,10,22,14092,0
33,58867,0.2137,8,3,7,7,52546,0
24,38627,0.0242,7,3,10,19,24711,0
21,73394,0.2004,3,1,4,7,37136,0
69,57278,0.4979,7,1,11,28,5252,0
60,21511,0.1005,9,2,9,5,4991,1
52,37076,0.0027,6,4,4,2,1948,1
54,44474,0.3679,6,3,3,28,23,1
48,85116,0.6802,0,0,11,7,0,0
51,81603,0.2133,5,4,3,28,23498,1
28,81539,0.2784,3,3,18,22,14662,0
59,59647,0.2582,9,2,19,9,33132,0
46,73271,0.152,9,3,14,4,15344,1
54,32184,0.3507,9,1,11,10,0,1
23,55136,0.1153,1,0,2,3,26654,0
32,64032,0.2086,9,0,2,16,0,0
21,33502,0.1672,6,1,2,25,23215,0
64,59198,0.6101,8,4,10,2,8429,1
25,88732,0.144,4,1,15,17,23487,0
50,66175,0.2961,7,0,12,7,0,0
50,73350,0.5536,4,2,11,29,31674,0
37,15000,0.1571,6,4,17,23,20564,0
68,86159,0.5532,6,5,18,11,14836,1
67,51277,0.4509,8,3,14,20,0,0
43,39626,0.2126,2,5,17,15,47158,0
35,51507,0.0764,0,2,15,13,6398,0
57,25299,0.17,1,5,12,20,23944,0
41,75958,0.1621,5,4,16,15,5766,0
34,48292,0.2594,9,0,6,26,76662,0
22,40227,0.1275,9,0,2,3,22241,0
31,51638,0.2793,8,2,2,0,10779,0
59,77360,0.2952,2,5,16,0,29086,1
58,57629,0.4186,9,4,2,28,31250,1
54,26806,0.2148,1,3,8,21,25918,0
58,64299,0.2683,0,5,7,14,15147,0
54,36420,0.1174,1,5,1,19,26607,0
38,15000,0.4406,2,3,4,19,17669,0
50,84920,0.4331,6,1,11,2,19620,0
35,64144,0.0796,1,2,7,13,8218,0
47,53434,0.6571,4,4,18,8,0,1
54,48087,0.1056,1,2,4,18,28448,0
58,82941,0.4558,6,3,17,7,29094,0
53,116743,0.3262,9,4,11,1,39449,0
44,63975,0.3305,7,0,11,3,20727,1
35,34407,0.2197,7,0,11,0,16763,0
50,51910,0.4676,7,4,15,10,0,1
62,63611,0.1642,9,2,14,4,19407,0
37,15000,0.1588,8,2,17,1,25402,1
25,61689,0.1343,0,0,2,26,0,0
49,63728,0.3134,0,0,18,12,36035,0
24,81526,0.5457,9,3,16,16,9319,1
30,79442,0.2668,1,4,12,16,17058,0
37,57223,0.591,5,2,10,17,28966,1
30,85292,0.1728,0,3,16,20,19890,0
37,95713,0.2662,4,2,3,27,41050,0
40,55559,0.0458,4,0,8,8,29432,0
44,63363,0.2745,3,4,2,5,17775,1
25,19654,0.4891,4,1,1,27,0,1
54,25980,0.1749,0,4,14,19,34942,0
26,38236,0.3237,5,5,4,2,2306,1
22,46127,0.0255,6,1,4,7,32777,0
33,33077,0.4449,7,3,9,2,27352,1
63,54280,0.4777,1,1,3,0,17018,0
63,46725,0.0583,6,1,5,19,34299,0
68,76417,0.2533,5,3,1,26,27815,0
31,45504,0.46,8,4,19,12,24925,1
67,15000,0.1955,7,3,1,20,0,1
43,57515,0.1201,3,5,10,4,20597,0
36,54716,0.3045,8,0,12,15,1357,0
51,37759,0.4196,0,0,10,20,3560,0
31,56899,0.4018,5,1,2,23,14582,0
36,33494,0.1959,7,3,16,15,41951,0
28,61596,0.5589,3,3,8,23,25480,0
24,107658,0.0489,1,3,14,11,26469,0
60,18887,0.3292,1,5,15,12,31556,1
24,44675,0.5283,9,5,16,3,6879,1
45,41469,0.2782,0,4,11,8,0,0
23,46334,0.1872,4,2,12,15,0,0
52,75398,0.2327,5,2,2,0,23466,0
23,65856,0.2061,3,2,4,4,34800,0
47,71975,0.3104,3,4,3,20,33691,1
49,55609,0.2485,4,3,9,4,7534,0
52,28558,0.0566,4,2,18,23,40332,0
39,32706,0.2523,8,3,19,24,50645,0
41,69925,0.3652,7,1,7,18,29114,0
25,58416,0.0901,8,2,4,8,42309,0
38,80204,0.1859,2,1,6,28,33097,0
48,60865,0.3536,2,4,19,26,16554,0
62,31339,0.3199,0,0,1,7,10031,0
42,44561,0.1792,9,5,16,18,0,1
41,66296,0.2964,5,4,11,17,13328,0
26,69206,0.1774,3,4,4,14,16447,1
21,72102,0.2572,7,4,18,3,16779,1
25,34029,0.2649,1,2,5,14,18311,0
61,30979,0.6241,1,1,6,12,0,1
32,51203,0.1818,6,5,2,27,31685,1
46,83801,0.1413,4,2,12,17,33426,0
66,41122,0.305,0,0,9,19,25565,0
54,64099,0.3377,6,5,12,4,2459,1
69,64101,0.2584,6,4,13,17,25504,1
34,70215,0.3511,9,3,17,27,20339,0
46,88288,0.216,5,0,5,7,27117,0
65,86238,0.3456,3,1,13,0,43266,0
47,43107,0.2613,7,0,13,18,17322,0
29,15000,0.2298,1,2,10,22,22722,0
46,41429,0.4767,1,3,15,25,7034,0
67,56513,0.5802,1,2,15,16,33825,0
42,47767,0.2292,2,5,18,28,30541,0
67,94357,0.0648,5,4,18,26,23248,0
50,55375,0.0929,0,4,2,1,4203,1
63,68074,0.318,1,0,11,18,9750,0
68,59344,0.3742,9,4,13,29,0,1
37,48067,0.1457,1,4,11,15,9573,0
46,16503,0.4821,0,5,4,29,30640,1
56,53427,0.2301,2,1,15,17,25936,0
21,120092,0.5435,9,1,11,1,22395,0
28,30110,0.3052,6,2,18,27,42264,0
69,18702,0.5133,0,2,16,26,24567,0
55,93727,0.1152,6,1,10,5,11342,0
35,69841,0.3184,4,0,12,6,9500,0
67,58748,0.3522,8,1,13,5,16524,0
42,82253,0.5618,1,2,9,26,13247,0
34,38369,0.316,0,3,13,5,34294,0
46,52868,0.1421,8,4,6,8,26321,1
48,74103,0.1202,7,5,6,7,15204,1
43,97207,0.3876,9,3,11,29,15775,1
34,31629,0.1693,5,3,19,23,30548,0
44,80614,0.3391,4,4,11,21,35164,0
22,62636,0.3462,7,1,10,20,0,0
65,58261,0.4592,7,0,15,8,17431,0
46,54845,0.3138,4,3,13,11,21372,0
34,27307,0.0817,6,0,8,17,28222,0
27,74261,0.3117,0,5,5,22,21694,1
23,39354,0.1818,3,5,2,5,26107,1
67,33406,0.4294,1,5,16,22,16445,1
43,72709,0.5988,9,2,13,27,7912,0
66,70782,0.2052,2,3,19,3,31762,0
63,56580,0.4485,0,5,9,24,32238,0
67,76590,0.1035,1,2,15,6,29777,0
65,83518,0.4334,0,5,6,17,32446,0
38,81164,0.4059,7,1,8,28,5424,0
58,44434,0.5626,3,3,14,19,12388,1
55,75282,0.2809,2,2,5,4,36797,0
35,59232,0.1249,0,5,17,17,25343,0
45,89518,0.0973,1,2,7,9,20842,0
57,52525,0.1537,2,5,9,7,16221,1
48,47870,0.0799,2,1,16,0,39018,0
30,42724,0.1517,5,0,18,14,0,0
59,58785,0.3759,9,5,13,2,24411,1
37,64334,0.3447,7,0,18,14,19000,0
59,64719,0.5592,5,3,10,13,1212,1
42,61983,0.3554,1,1,1,0,44249,1
46,68420,0.2741,1,3,18,20,0,0
64,50549,0.3448,6,0,19,7,21818,0
45,37549,0.1314,0,1,2,6,27926,0
37,35803,0.3291,0,4,4,8,5374,1
33,74501,0.5303,6,1,11,17,24158,0
40,64406,0.1459,8,1,3,11,16632,0
45,17883,0.5334,4,4,9,7,34820,1
24,76935,0.2758,0,2,10,7,72705,0
30,92608,0.1502,4,2,2,29,25078,0
23,40681,0.2673,0,2,7,5,29060,1
61,61723,0.0854,9,0,15,2,5372,0
65,45530,0.394,8,1,19,1,23221,0
38,67566,0.105,3,5,10,13,14404,0
67,31679,0.1478,8,4,14,7,31682,1
56,53571,0.6294,1,5,4,5,0,1
67,74626,0.2346,6,0,11,3,3897,0
42,79714,0.1004,1,4,3,4,37700,0
54,63529,0.2834,3,5,17,20,23149,0
67,48219,0.3231,5,0,7,12,39857,1
28,23147,0.3858,1,0,11,8,25456,0
60,39849,0.5753,1,0,18,12,27646,0
69,45614,0.2158,1,4,14,28,15357,0
64,41045,0.2749,2,5,14,8,17095,1
39,56191,0.3981,4,5,6,23,34466,1
62,48162,0.1925,8,3,9,23,17851,1
61,58442,0.0224,5,0,3,15,37753,0
57,79052,0.5476,8,2,17,11,18352,0
26,46870,0.314,9,1,12,1,2305,0
46,27342,0.2961,4,3,4,29,938,1
54,40965,0.2572,5,3,16,18,17423,0
65,66671,0.2032,9,4,10,29,33736,1
26,68558,0.6583,7,3,7,15,10023,1
57,63121,0.3865,2,5,10,23,30976,0
53,81014,0.1646,1,4,7,12,21511,0
42,51272,0.2577,2,4,18,4,29093,1
41,96043,0.185,8,2,9,22,15654,1
26,71363,0.1622,5,0,18,29,22745,0
26,15000,0.2012,9,3,17,23,34081,0
68,91013,0.4411,3,0,11,5,19742,0
24,39660,0.0312,9,0,1,20,12127,0
50,34317,0.1305,2,0,17,23,0,0
31,65475,0.4754,1,4,4,16,28122,0
50,20236,0.3465,3,0,4,16,8425,1
51,41090,0.4309,8,3,14,16,12191,0
44,86141,0.5215,3,4,9,2,3937,0
29,66124,0.0101,4,3,13,25,16548,0
23,71244,0.2856,7,4,16,12,51463,0
51,41861,0.3401,1,1,1,11,25280,0
60,24232,0.1663,2,1,3,5,10337,0
57,69136,0.3829,5,1,19,21,13155,0
56,73605,0.1187,6,1,8,20,0,0
44,72699,0.2871,3,4,18,28,3040,0
51,59181,0.317,0,0,6,12,657,0
26,35658,0.3171,6,2,6,13,24054,1
22,103755,0.2595,8,5,5,6,26700,1
40,64595,0.1594,0,2,12,4,21163,0
48,51522,0.3285,0,1,9,13,25547,0
31,51611,0.3801,0,0,9,17,8506,0
24,57991,0.1586,9,3,17,3,2775,0
35,76392,0.2028,6,0,19,0,2680,0
26,58792,0.3422,8,3,17,6,2016,1
69,72170,0.316,2,2,16,19,25380,0
50,58027,0.4532,7,0,12,12,50205,0
58,52752,0.5218,8,0,3,3,4290,1
22,67825,0.3974,2,5,14,12,14870,0
35,67065,0.3636,2,2,17,3,23043,0
31,51607,0.6752,0,0,16,2,15814,0
28,40015,0.1801,1,3,12,7,24994,0
46,61834,0.2536,6,0,2,19,11369,0
65,56566,0.3653,2,3,8,7,9794,1
64,43902,0.0394,6,1,12,24,17264,0
25,38151,0.1947,4,0,16,16,24898,0
26,63209,0.0281,9,3,8,14,39237,0
46,66001,0.0729,7,2,16,3,25649,0
24,47799,0.1186,4,1,10,5,16217,0
39,43401,0.1638,2,0,15,23,32461,0
40,38394,0.2362,8,5,4,29,35001,1
53,62645,0.2327,6,3,15,21,15449,0
40,38920,0.2211,4,5,4,27,17810,0
69,99822,0.3727,6,0,11,5,13593,0
32,46794,0.1777,9,3,6,9,32313,0
67,15000,0.2181,8,0,4,3,21112,0
21,54396,0.3155,4,1,9,8,0,0
46,53539,0.1537,6,1,9,15,26092,0
34,77234,0.132,8,0,3,6,42344,0
58,60762,0.1733,0,0,5,13,43529,0
57,38323,0.5621,3,4,15,26,12813,1
31,49272,0.2949,0,0,9,5,9550,0
56,61548,0.1204,7,0,2,0,48468,0
33,15000,0.0739,2,5,3,17,43500,1
63,81772,0.3527,1,5,12,11,27009,0
23,38376,0.1899,3,1,16,21,0,0
53,83340,0.4289,2,5,5,26,10905,0
26,62849,0.5044,4,0,10,14,3596,0
30,67591,0.2632,7,2,15,0,47185,0
25,77988,0.2183,9,0,14,14,0,0
43,66462,0.2694,7,4,14,14,47054,0
30,68457,0.1057,6,3,13,26,18417,0
64,51711,0.1866,7,1,16,15,2034,0
22,62443,0.1546,4,5,8,20,34801,1
33,43250,0.0986,9,2,8,0,29442,0
60,48131,0.089,9,3,17,28,1006,0
22,94293,0.5005,5,2,17,2,19621,0
40,38836,0.1153,7,1,3,11,40633,0
21,58086,0.514,0,5,1,27,13851,1
57,57269,0.2876,5,4,17,27,45195,0
29,48784,0.3,5,1,16,6,8828,0
37,65288,0.1547,4,2,17,4,0,0
29,66794,0.2678,3,2,2,27,20678,0
31,36483,0.5784,0,1,14,25,0,0
35,57027,0.6112,9,0,7,0,21873,0
44,33352,0.1728,7,1,19,0,20077,0
58,70770,0.1175,5,5,1,14,8616,1
55,58529,0.2645,2,5,17,7,48180,0
50,56646,0.4443,2,4,10,10,19940,0
51,68180,0.4885,5,1,6,13,32965,0
69,49489,0.5708,6,3,7,28,33930,0
25,73280,0.3517,7,5,6,24,46415,1
64,36031,0.0779,4,5,5,22,1858,1
34,83237,0.3406,9,5,2,12,0,1
31,43981,0.1474,5,0,18,18,45860,0
29,21076,0.3534,0,3,17,11,28716,1
54,48429,0.0305,5,1,7,21,21894,0
32,46160,0.1189,8,0,19,18,18000,0
55,48278,0.2886,9,5,7,25,15340,1
55,59632,0.2031,3,3,7,3,32917,0
21,76956,0.3421,9,3,16,27,0,0
60,51165,0.4593,0,0,12,3,27159,0
42,41167,0.4529,8,5,15,2,35469,1
49,32469,0.4446,3,0,15,25,31148,0
28,45636,0.062,1,2,11,5,18929,0
31,17243,0.2246,0,5,2,4,19960,0
61,40497,0.2259,2,0,3,10,39285,0
57,79881,0.3696,6,1,19,24,28728,0
34,38532,0.3824,9,5,15,8,46327,1
50,67574,0.262,1,4,16,2,0,0
55,30470,0.0874,8,5,1,28,33600,1
41,90421,0.1692,1,2,15,8,7830,0
57,91752,0.4906,4,0,12,28,18906,0
25,66820,0.2573,7,4,7,11,40640,0
39,94825,0.3968,9,2,7,2,4964,0
34,62115,0.2231,7,1,11,19,51734,0
46,70370,0.3842,2,5,11,16,36584,0
24,80238,0.6702,1,4,17,20,28688,1
45,58594,0.6255,8,0,3,11,6019,1
65,23952,0.0774,2,0,16,24,17304,0
62,70779,0.2799,7,1,5,17,14624,0
45,45562,0.3612,1,2,2,3,1515,0
38,47049,0.1622,2,4,7,9,36406,1
60,60957,0.0545,0,1,10,17,13934,0
28,66325,0.1294,5,2,5,29,17366,0
59,58002,0.3191,6,3,15,7,18124,0
60,67714,0.4622,3,3,12,8,16787,0
34,40862,0.4784,0,2,10,18,27956,0
52,54145,0.4307,2,0,17,12,10659,0
58,71981,0.5198,8,0,11,24,35274,0
53,90455,0.1309,4,3,8,5,11060,0
43,97528,0.2496,5,0,15,21,19572,0
35,63659,0.0602,3,0,2,6,401,0
53,71800,0.3818,0,2,17,27,36074,0
45,94631,0.0654,4,5,6,20,39887,0
37,41583,0.4362,4,2,13,5,30738,0
53,67593,0.2923,4,0,8,10,22556,0
67,70366,0.4311,5,2,11,16,19457,0
22,83957,0.276,1,4,15,18,0,1
34,32257,0.5131,0,3,13,27,0,1
60,36211,0.3997,1,5,18,24,31257,0
60,55427,0.1813,9,4,18,11,17288,0
59,62554,0.2384,5,4,17,20,0,0
26,77457,0.2177,4,0,13,20,0,0
26,65350,0.0268,4,0,3,23,29523,0
23,51971,0.3453,5,4,7,26,33109,1
27,63329,0.2149,9,4,12,26,0,1
28,61020,0.1506,6,1,4,12,22280,0
62,89900,0.3587,8,1,11,17,25818,0
35,58313,0.2395,6,3,14,28,11245,0
67,47338,0.2371,1,4,18,6,38595,0
49,63992,0.0415,5,2,7,24,14828,0
53,58969,0.1176,8,5,5,22,0,1
50,23580,0.0187,6,1,16,27,17080,0
59,54686,0.1974,1,0,11,4,40519,0
47,52985,0.3606,2,4,3,28,14818,1
56,44122,0.3472,7,2,16,15,4296,0
49,75711,0.1261,8,5,11,21,29423,1
58,39286,0.1895,3,2,10,3,23876,0
53,64112,0.1278,8,2,2,29,19956,0
57,52042,0.1651,1,0,16,27,27156,0
47,57153,0.3322,4,1,17,22,9624,0
53,63235,0.5594,1,2,10,0,10999,0
24,28848,0.2149,0,5,18,3,30912,0
42,58833,0.4067,4,1,12,2,5504,1
22,100778,0.1715,1,3,8,28,44223,0
30,23864,0.287,6,0,3,3,38440,0
25,53847,0.6097,7,1,3,0,2838,1
30,77464,0.1341,1,1,6,11,42137,0
53,61032,0.0215,6,2,2,12,22282,0
58,68759,0.3167,3,5,3,1,40771,0
33,15000,0.223,0,2,17,27,22001,0
51,66964,0.5043,2,5,9,26,17342,1
67,39766,0.5386,0,0,4,28,15778,0
56,61197,0.1185,4,1,2,8,0,0
65,54411,0.1969,7,4,9,6,33906,1
44,100566,0.6863,0,5,14,12,9393,0
35,65933,0.1446,8,5,11,21,34397,0
49,52747,0.0569,2,2,2,1,45109,0
28,24806,0.1602,4,2,2,0,11336,1
25,57422,0.1959,8,3,5,17,10450,1
49,71464,0.5321,4,5,7,6,35116,1
67,53388,0.3762,8,0,4,17,12986,0
24,44886,0.31,9,1,14,18,39758,0
32,43548,0.2395,7,1,2,7,9632,1
65,65702,0.1602,6,1,12,22,41573,0
22,70187,0.0836,0,5,10,11,15413,0
47,82224,0.4024,3,2,1,10,24953,0
51,35100,0.0123,8,0,19,26,34733,0
56,65519,0.1866,9,1,16,29,27672,0
56,52565,0.2912,7,5,15,26,36059,0
46,53155,0.4611,3,4,14,8,0,0
63,63036,0.1029,0,3,9,27,13891,0
47,63153,0.6925,9,3,15,3,20948,1
25,65575,0.1175,3,1,7,6,8517,0
40,33850,0.4439,2,2,4,16,34561,1
31,40003,0.2312,5,3,18,10,12316,1
30,84717,0.2515,4,3,8,26,8547,0
60,50588,0.5226,4,3,12,1,34106,1
58,61120,0.3245,1,3,15,22,4318,0
26,76093,0.1023,2,1,15,17,5049,0
28,64268,0.4798,5,5,17,21,27624,0
43,65930,0.4221,1,0,2,28,40157,0
67,72891,0.2299,3,0,12,25,22425,0
46,15000,0.1175,1,2,3,11,0,0
66,45200,0.2579,8,5,7,8,30274,0
63,64372,0.1938,2,4,6,10,11111,0
32,82752,0.295,9,0,14,4,36811,0
46,56321,0.7323,9,4,5,25,14305,1
33,38105,0.2512,5,0,4,6,37159,0
60,38638,0.2489,0,0,15,28,13732,0
38,72677,0.1521,9,2,7,0,9669,0
45,50644,0.2485,2,3,3,23,0,1
53,54855,0.2258,7,2,13,24,10106,0
67,67300,0.2041,4,0,10,28,22659,0
60,15000,0.3082,7,5,2,4,21506,1
63,95007,0.213,1,3,12,5,29174,0
32,40378,0.3036,6,5,12,12,38662,1
64,59838,0.4274,8,5,19,10,20429,1
56,20906,0.1787,6,5,19,7,21015,0
68,46549,0.379,2,3,3,19,36693,1
24,79893,0.7317,6,5,6,1,23465,1
25,16676,0.5533,7,3,2,14,6152,1
57,77524,0.4406,0,4,13,9,12168,0
28,49526,0.4834,2,0,9,7,0,0
62,64743,0.2948,4,1,13,1,5948,0
69,68150,0.6639,5,5,14,20,0,1
48,63828,0.155,2,2,19,14,25265,0
51,37700,0.1814,3,4,11,28,38172,0
29,47709,0.0624,4,2,14,5,5887,0
49,25768,0.1729,2,1,16,4,6445,0
34,64835,0.1821,3,3,10,21,34147,0
60,89041,0.1242,4,1,16,21,13236,0
61,18511,0.2721,1,2,2,2,23851,1
42,39767,0.3572,9,1,16,10,31146,0
31,51364,0.3943,8,0,14,10,9378,0
43,58466,0.3131,9,1,18,15,9670,0
21,72583,0.5589,7,5,6,2,12404,1
66,51956,0.4173,5,0,7,8,0,1
57,48680,0.4463,9,5,13,2,27300,1
41,77062,0.0408,2,1,2,18,29013,0
46,68239,0.268,1,0,15,10,21195,0
66,65779,0.2851,6,0,17,13,40395,0
56,57250,0.191,7,1,13,1,16082,0
43,74663,0.3587,9,4,7,6,29263,1
21,41873,0.0707,0,3,1,9,27287,0
60,39146,0.4448,5,3,3,9,8013,1
35,69922,0.6141,6,3,18,19,37322,1
41,22499,0.2976,8,0,7,0,21922,1
67,56843,0.1807,2,3,17,5,34619,0
29,48668,0.6887,1,0,12,20,485,0
29,26884,0.1201,4,4,16,13,21646,1
30,36374,0.0752,9,1,10,26,13091,0
46,52820,0.1389,0,1,16,1,7228,0
61,75679,0.3527,5,0,18,5,41142,0
55,41940,0.328,8,0,15,0,22929,1
45,79267,0.2703,9,4,11,2,0,0
46,56263,0.5326,8,3,18,3,12540,1
31,81207,0.4557,6,4,6,12,34085,0
58,42910,0.2535,6,1,1,2,7206,0
22,54023,0.2945,7,1,7,14,5675,0
27,62369,0.2452,9,5,12,12,17794,1
38,51409,0.4007,1,3,4,21,27039,0
47,74060,0.4908,5,1,10,10,9075,0
54,15000,0.1943,4,5,2,3,25860,1
47,103448,0.3697,4,0,9,29,20522,0
37,72155,0.0645,2,1,10,16,22346,0
63,51529,0.0605,2,2,11,4,0,0
64,43953,0.2806,5,3,14,20,20238,0
44,37671,0.4237,9,5,3,24,16239,1
45,67912,0.0716,9,3,1,23,25855,0
27,74899,0.2039,6,3,7,7,10192,1
26,51749,0.3413,0,2,4,20,14435,0
44,77139,0.5249,2,4,7,23,27996,0
53,36854,0.4853,0,0,16,29,41685,0
69,33323,0.2006,9,3,10,9,131,1
49,91266,0.2991,2,1,15,6,27697,0
63,66822,0.3066,4,0,16,16,38298,0
42,82936,0.0828,8,1,6,27,30420,0
46,37921,0.0823,2,0,4,6,37288,0
48,36529,0.7044,9,0,4,26,11847,0
41,47827,0.0755,9,5,4,23,38551,0
69,38518,0.4074,8,1,17,18,9133,0
27,69107,0.1524,0,1,13,8,20826,0
37,39977,0.4788,5,0,2,23,12464,0
40,31566,0.1894,8,3,6,1,13067,1
61,57840,0.3135,4,1,1,21,0,0
69,29200,0.3129,9,2,8,19,0,1
40,19010,0.1218,1,2,18,18,37651,0
42,57665,0.0278,4,0,4,26,0,0
48,20015,0.2982,0,4,5,5,23756,1
60,70505,0.3984,8,0,5,9,514,0
69,27093,0.5602,9,0,15,12,7271,0
27,15000,0.034,9,3,10,24,30264,0
21,49124,0.207,8,3,8,1,22430,1
52,57891,0.1273,5,5,7,9,18092,0
33,64829,0.3191,8,4,12,9,37169,1
50,58440,0.554,2,4,11,25,15654,1
43,33813,0.1812,3,4,13,4,38449,1
39,69261,0.0655,5,4,15,21,3958,0
52,74202,0.3627,3,4,17,3,2153,0
50,30884,0.4794,0,0,18,22,17927,0
49,51379,0.627,6,0,8,1,20049,1
69,49511,0.0676,4,5,6,6,7124,1
65,59407,0.15,7,2,11,17,15858,0
49,50901,0.0462,8,2,9,16,40471,0
50,53642,0.8192,4,5,5,10,14084,1
36,67836,0.6121,7,5,7,20,0,1
60,32722,0.2418,0,1,15,17,0,0
39,69747,0.2995,0,0,4,7,51299,0
38,77822,0.3569,6,4,19,27,41758,0
21,87682,0.2789,5,1,13,27,13459,0
34,15000,0.1061,4,3,1,11,32158,0
67,51341,0.1903,4,0,1,23,23906,0
22,15697,0.0574,8,5,14,0,39057,1
48,15000,0.3035,0,2,9,19,3931,0
69,57881,0.3188,7,0,12,29,4355,0
50,47016,0.2899,1,5,18,24,39790,0
58,60997,0.5471,6,0,9,20,0,0
24,64722,0.1719,5,0,8,11,21047,0
21,79957,0.2197,9,0,14,26,19329,0
28,56078,0.1716,1,3,9,25,31763,0
49,113467,0.5446,2,2,2,28,22098,0
59,61128,0.4089,3,0,1,5,18019,0
23,91849,0.0526,6,5,13,2,14291,1
52,15000,0.1722,7,3,10,4,5077,0
30,81994,0.2129,1,1,8,13,17508,0
30,51384,0.2402,7,0,7,11,37476,0
39,16033,0.3815,8,3,12,12,15711,1
66,63410,0.4878,6,4,17,12,41093,0
54,48940,0.4946,0,1,12,28,30965,0
53,66601,0.1769,5,2,16,16,27148,0
43,75221,0.11,7,0,10,23,17572,0
48,25216,0.0548,4,0,12,26,10573,0
52,75298,0.1285,1,3,11,14,45223,0
27,55129,0.2471,4,2,14,5,31903,0
49,82056,0.2913,7,4,13,11,17909,0
28,50897,0.3333,1,1,2,1,45486,0
21,45591,0.1218,0,5,7,3,29435,0
23,55541,0.2187,3,2,1,19,0,1
44,57037,0.3167,3,0,3,24,13602,0
43,41744,0.3747,8,3,12,24,30906,0
28,45073,0.1042,2,4,5,20,42613,0
67,30462,0.4955,3,3,12,11,55419,0
57,46307,0.142,2,1,3,2,20383,0
23,68526,0.2258,1,2,5,16,29243,0
53,52252,0.108,3,3,1,5,10826,0
48,75181,0.3471,7,5,16,23,6689,0
67,51291,0.055,0,5,9,16,0,0
28,26369,0.4653,7,3,10,26,25849,1
54,66945,0.4865,7,0,10,16,38967,0
55,41527,0.1788,2,3,13,10,31638,0
52,50332,0.3076,9,4,16,22,21307,0
44,79751,0.4094,9,2,4,6,38354,1
34,31782,0.3033,5,1,14,1,64261,0
52,58294,0.2663,3,5,17,18,7524,0
66,54189,0.404,0,3,5,1,0,0
63,69018,0.3155,0,4,13,21,25135,0
36,72103,0.6811,4,5,3,28,36237,1
24,60276,0.0822,7,5,5,12,0,1
57,47792,0.4209,0,1,16,23,32491,0
41,64467,0.3696,1,5,19,23,14943,0
34,81713,0.4213,6,4,19,15,25052,0
51,54454,0.344,7,5,17,16,6214,0
68,49654,0.3436,2,5,18,10,5291,0
38,62763,0.2865,7,3,18,8,3430,0
27,55774,0.3113,0,3,8,26,30012,0
30,28245,0.3441,8,2,18,23,10635,1
27,59786,0.2287,1,0,9,8,24046,0
53,28064,0.0831,1,4,19,28,20442,0
43,62489,0.4876,3,0,10,13,2297,0
41,39057,0.2543,9,0,2,12,21141,1
39,55737,0.2967,2,5,17,24,23555,0
68,62811,0.0827,3,1,13,10,35939,0
39,104078,0.2885,5,1,11,11,42415,0
56,69854,0.1139,6,5,16,21,4707,0
49,82295,0.1506,4,4,7,2,25322,0
38,92434,0.4885,1,0,3,0,0,0
22,64785,0.107,2,2,16,26,32768,0
21,60713,0.3041,9,0,19,7,36459,0
67,33665,0.1698,2,1,16,25,0,0
25,52667,0.0565,4,0,2,18,14911,0
40,40538,0.5723,4,3,14,12,6543,0
31,46978,0.2817,3,3,10,6,14873,0
62,92413,0.0597,7,2,19,12,11901,0
22,57292,0.0894,5,4,11,25,19345,0
23,37482,0.5199,5,0,18,5,34809,0
43,82490,0.4197,0,3,11,2,15293,0
32,74105,0.2923,5,4,9,5,5188,1
40,75153,0.0663,2,3,19,27,17035,0
25,15000,0.2953,5,4,10,2,16201,1
57,93973,0.315,9,4,3,12,18701,0
58,43829,0.1001,5,3,3,12,10580,1
50,70559,0.3723,1,5,8,29,25439,0
29,105475,0.1832,0,1,6,24,39401,0
54,98106,0.1861,2,4,1,12,965,0
64,35448,0.2712,4,5,6,0,26760,1
55,26109,0.6221,3,0,2,28,34395,0
42,83606,0.2749,6,5,19,7,13490,0
64,57841,0.49,3,3,7,4,38783,0
44,44982,0.1861,7,5,11,19,19091,0
37,67424,0.4405,6,1,11,16,3110,0
30,51742,0.4205,9,3,4,8,926,1
50,69026,0.4945,8,2,16,12,31772,0
66,56339,0.0582,0,0,5,24,30392,0
43,69447,0.1666,4,2,7,12,43464,0
52,37109,0.2797,3,5,16,4,30060,1
37,83489,0.5299,5,4,15,13,18507,1
37,68952,0.0793,0,5,5,10,27234,1
34,67925,0.3794,5,4,1,24,21081,1
29,32646,0.2716,0,2,9,25,15011,0
60,88992,0.4415,0,2,5,13,11759,0
22,54725,0.1432,7,4,6,24,0,0
65,69560,0.1886,1,1,3,6,8867,0
45,48543,0.2338,9,0,6,23,19705,0
59,60217,0.0424,5,3,8,16,0,1
29,60942,0.4111,5,2,6,3,12277,1
42,15000,0.2884,5,0,16,9,33808,0
63,66648,0.1258,7,3,16,9,40148,0
66,94306,0.1548,3,5,3,14,12088,0
24,65795,0.1968,2,3,17,19,11525,0
46,35845,0.247,5,2,6,11,9200,0
49,67999,0.2332,3,1,6,8,11624,0
65,76189,0.5196,1,1,19,2,37139,0
54,65249,0.2863,5,0,15,14,44438,0
43,53517,0.286,9,5,19,11,0,1
57,50157,0.1737,4,0,2,25,7828,0
31,50073,0.5397,8,4,8,14,0,1
26,68955,0.1236,5,1,7,25,19570,0
38,26857,0.3396,2,0,8,0,12674,0
41,47562,0.4854,4,4,13,14,25383,0
62,86912,0.2499,9,5,15,10,29948,1
56,87683,0.263,7,3,12,4,28283,0
61,25437,0.0828,8,0,15,6,0,0
58,32371,0.3717,7,4,14,11,19614,1
54,49587,0.506,2,1,7,19,0,0
37,72851,0.5754,8,3,17,24,46053,0
57,18450,0.1528,2,0,5,5,14679,0
45,53903,0.1141,7,1,10,21,0,0
58,45516,0.2168,9,3,19,2,11836,0
32,81519,0.1827,8,2,18,9,23118,0
43,21461,0.0781,6,1,10,25,30998,0
62,56850,0.0471,3,2,2,20,39504,0
42,47127,0.1518,9,5,6,25,20943,1
41,84395,0.1168,8,0,3,21,14992,0
47,66953,0.4927,2,4,19,29,30276,0
51,43283,0.0856,2,0,5,3,29864,0
26,72067,0.1797,1,1,7,12,21781,0
47,47223,0.0764,9,2,7,18,32144,0
60,74986,0.2037,2,2,10,4,10846,0
54,50258,0.4588,0,3,1,22,19639,0
32,76093,0.2626,3,0,11,26,0,0
65,63721,0.0404,7,0,7,21,40848,0
27,120209,0.2031,4,1,6,17,12624,0
30,53942,0.2057,1,2,6,0,40933,0
65,62657,0.1761,2,1,13,20,10157,0
37,45411,0.4466,0,1,16,20,24533,0
46,55053,0.5284,1,5,13,27,20821,0
41,15000,0.5482,0,2,2,15,10970,1
48,64311,0.2775,1,1,19,15,27194,0
66,81857,0.674,2,2,19,15,39154,0
22,62932,0.3733,0,1,19,27,46846,0
63,28722,0.0637,8,4,18,21,31140,0
21,38964,0.2713,9,1,6,18,1849,1
56,15000,0.3172,4,1,2,15,0,0
46,74578,0.0096,7,4,19,0,37084,0
49,34869,0.1557,4,0,6,19,5040,0
41,54425,0.1321,7,2,15,19,29239,0
31,51925,0.0635,6,3,6,9,22009,0
60,84754,0.3147,3,4,3,1,39780,1
31,56705,0.0697,6,0,11,13,27649,0
56,71177,0.418,5,1,8,7,19541,0
69,65929,0.2986,2,5,18,5,50918,1
59,82188,0.3387,8,0,17,27,32348,0
60,50217,0.302,9,4,19,2,28320,1
55,92392,0.25,8,5,19,15,9760,1
54,15286,0.2292,4,1,17,16,2800,0
67,72149,0.4765,7,0,4,11,16107,1
44,37667,0.3262,6,3,7,26,0,1
42,45145,0.1916,8,2,5,18,15170,0
25,66388,0.3576,6,2,16,23,32014,0
53,66228,0.4141,3,4,6,19,34726,1
56,67128,0.4746,3,1,14,2,14869,0
67,27276,0.2089,7,1,2,12,64039,1
40,83980,0.3757,5,2,18,15,39100,0
39,36987,0.1525,8,0,18,10,19550,0
55,39654,0.1373,9,1,13,19,37121,0
63,67757,0.4536,6,3,18,26,11307,1
37,49265,0.2476,6,3,17,15,23808,0
65,61165,0.1208,3,1,13,19,14591,0
63,15000,0.2,2,1,12,1,1823,0
54,60686,0.1211,7,2,3,3,27989,1
29,59356,0.5088,6,4,7,26,19911,0
46,44802,0.1205,3,2,1,27,21024,0
22,15000,0.5689,3,4,5,24,19592,1
29,50743,0.3228,0,3,1,3,6528,1
29,54252,0.261,6,4,4,27,43825,1
60,47655,0.1772,0,2,1,16,23731,0
37,18276,0.2073,9,1,13,0,15995,0
21,86894,0.349,9,4,14,0,361,1
45,42222,0.2692,3,2,15,29,41050,0
63,50555,0.2183,2,3,17,4,33759,0
60,15000,0.3236,2,5,12,21,20022,0
62,86897,0.1289,0,4,7,11,738,0
45,45669,0.3213,3,3,19,5,44883,0
59,56969,0.2424,0,3,3,5,14528,0
55,77414,0.2697,7,0,18,24,9927,0
23,41473,0.2055,0,5,4,16,19263,0
57,74264,0.2043,5,4,3,25,25627,0
64,15000,0.0752,6,2,12,21,17470,0
64,66019,0.4596,9,4,12,12,0,1
50,86444,0.5289,1,4,17,7,23744,1
58,43391,0.1852,3,5,6,23,33838,0
54,77377,0.1654,2,3,15,11,6634,0
32,91678,0.2002,8,3,2,14,43408,1
39,49903,0.4246,6,3,8,18,33123,1
57,48249,0.209,1,3,14,28,27031,0
64,37034,0.2476,5,5,5,20,4788,1
69,44805,0.3419,8,2,3,25,24183,1
37,38692,0.2134,2,1,10,19,25323,0
30,37017,0.3656,5,0,7,27,18771,0
69,78976,0.2823,2,3,11,16,33370,0
67,39201,0.2538,2,3,15,8,14589,0
32,60170,0.257,3,0,2,20,15925,0
36,55764,0.1707,8,3,5,17,10004,0
44,84961,0.382,7,1,11,27,13231,0
39,44936,0.1939,0,4,8,1,17750,0
28,62622,0.1473,0,0,13,10,17208,0
51,70821,0.0691,6,2,11,22,16534,0
41,84794,0.1712,2,0,17,19,33861,0
37,44644,0.0594,6,1,15,16,42540,0
43,42642,0.1748,8,5,1,20,772,1
57,33764,0.352,2,2,19,17,42191,0
36,99725,0.1418,2,4,16,14,30116,0
26,82689,0.3026,1,3,19,6,6603,0
28,54155,0.3696,9,0,13,15,15051,0
45,93628,0.2567,0,2,4,24,24259,0
38,52962,0.3718,8,0,11,28,0,0
45,69488,0.7557,5,4,18,0,18698,0
32,55203,0.4451,5,0,18,27,27883,0
35,62956,0.487,7,2,10,17,8834,0
46,60835,0.3534,4,1,17,26,0,0
61,46500,0.3806,8,5,13,21,22979,0
65,76849,0.089,4,2,14,7,53123,0
46,69319,0.2359,1,0,7,6,9301,0
67,75553,0.4232,5,4,10,24,9694,1
52,61404,0.274,8,3,3,29,16992,1
30,36868,0.2906,2,3,2,1,43545,1
36,89187,0.1924,9,4,19,11,0,0
27,49748,0.1811,3,0,7,15,31547,0
37,62281,0.4341,9,5,5,8,12936,1
43,67707,0.1534,7,4,3,19,14229,1
46,62148,0.75,5,0,2,10,4847,1
41,73308,0.0773,6,2,6,14,16265,0
42,76467,0.3131,6,5,14,2,5280,1
27,50503,0.197,3,1,7,22,11865,0
34,87509,0.1947,5,0,2,20,0,0
35,49661,0.3083,8,3,11,12,0,1
27,61734,0.3456,2,3,3,20,25050,0
29,47246,0.0191,7,5,9,27,38933,0
68,41530,0.2581,6,1,8,12,68447,0
28,75883,0.1989,3,0,11,1,33868,0
43,117437,0.8137,9,1,18,5,12279,0
49,47764,0.2579,2,2,1,5,0,0
38,79306,0.0452,6,1,15,11,28096,0
51,48481,0.3581,9,2,4,3,0,1
50,54790,0.5456,8,3,4,4,7892,1
59,90151,0.3693,9,2,10,22,33290,0
55,33529,0.0174,2,0,11,29,24413,0
38,28236,0.1378,9,5,18,7,6064,1
62,53256,0.5894,8,5,15,5,0,1
59,68273,0.3464,7,0,3,20,23183,0
37,64273,0.2841,2,0,7,27,25035,0
34,62213,0.1327,7,0,7,2,42557,0
51,55682,0.1373,3,4,17,22,0,0
44,70730,0.4811,5,2,16,7,21773,0
55,15000,0.3048,9,0,16,18,33751,0
64,39983,0.3539,1,5,8,20,13696,1
65,53127,0.1257,7,1,3,10,0,0
54,69090,0.5682,8,1,15,17,6128,0
23,84795,0.042,6,4,1,9,20561,0
57,37298,0.0577,7,2,10,25,12694,0
63,84141,0.1105,6,2,2,27,24558,0
60,45948,0.3066,9,2,7,19,39190,1
46,52401,0.3647,3,5,14,11,14010,0
43,66628,0.4851,0,5,16,19,38295,0
64,50935,0.2613,2,4,15,27,18265,0
59,77202,0.4472,6,2,7,28,25083,1
35,46907,0.1709,6,2,13,7,18243,0
69,47209,0.1624,2,0,10,18,25472,0
24,76039,0.0882,0,2,9,20,28081,0
49,39737,0.5592,9,5,9,15,29627,1
42,59978,0.2095,8,0,6,26,20048,0
45,21790,0.4946,5,0,12,20,0,0
33,91392,0.3001,6,2,14,17,28933,0
38,79131,0.4202,0,1,7,8,0,0
53,110002,0.2844,0,3,8,3,10896,0
36,81767,0.5267,3,5,8,8,0,1
65,32406,0.1715,6,1,8,24,45478,0
62,68372,0.506,7,2,2,1,26259,1
64,36639,0.1137,9,2,14,8,15112,0
22,86560,0.7306,8,1,10,8,41283,0
55,32977,0.516,0,2,18,17,27980,0
62,32016,0.3425,3,5,18,10,21868,1
54,22803,0.4692,3,0,18,12,25927,0
50,45232,0.2813,2,4,16,5,14269,0
33,41210,0.6688,6,2,5,8,1404,1
33,29767,0.6564,0,2,5,15,34413,1
38,94796,0.1347,8,1,10,3,18935,0
52,65597,0.0564,7,0,17,1,0,0
52,63244,0.3583,1,1,13,6,27610,0
55,86783,0.239,1,5,17,14,20612,0
59,60125,0.5025,7,1,18,24,45497,0
66,40026,0.5031,0,2,13,5,24027,0
49,20995,0.2379,6,0,17,10,2284,0
69,38898,0.2707,8,5,15,26,0,1
49,85108,0.2652,2,2,12,29,38964,0
64,29893,0.085,6,5,10,19,19045,1
36,62062,0.3972,5,2,13,16,7012,1
64,75678,0.2448,6,2,11,3,9205,0
67,60706,0.2254,6,2,3,18,39475,0
30,62979,0.2123,9,4,10,6,27077,1
50,68112,0.2275,0,3,11,10,36457,0
45,62585,0.3267,2,0,6,12,23678,0
59,87181,0.1113,9,4,1,26,7450,0
40,34194,0.4063,0,3,6,25,46798,0
25,59808,0.1374,4,5,5,20,14134,1
21,18635,0.1645,2,3,7,27,32066,0
50,15000,0.5016,0,3,12,2,36263,1
69,53366,0.2463,1,4,12,13,20093,0
23,65867,0.3188,9,0,7,1,3301,0
65,87613,0.2465,4,1,2,28,9827,0
34,103395,0.0965,2,3,1,17,30157,0
50,81397,0.3538,5,1,18,4,28007,0
24,69543,0.1791,8,1,12,12,39509,0
38,58199,0.1439,5,2,7,12,37089,0
57,24375,0.5722,1,1,19,23,5705,0
45,52079,0.4001,1,5,3,23,41654,0
68,80807,0.2235,7,5,10,13,4607,0
21,72965,0.524,7,2,11,11,28921,0
66,29273,0.686,5,0,5,20,56321,1
35,67280,0.4239,9,0,2,12,24687,0
29,65567,0.066,6,5,8,17,0,1
35,61997,0.2455,0,2,14,12,15111,0
69,54442,0.1557,8,0,8,3,52622,0
44,68311,0.1215,4,3,6,22,16893,0
24,68946,0.2985,8,0,1,29,39904,0
32,42170,0.1677,1,2,1,21,5650,0
57,64100,0.2788,7,5,8,9,14664,1
57,51212,0.4541,6,3,11,22,16764,0
63,25255,0.1149,3,1,18,4,49263,0
26,43767,0.4015,2,1,10,17,15410,0
59,23726,0.3419,3,1,12,7,0,0
66,74601,0.1794,3,5,16,13,55729,0
44,62117,0.394,9,2,5,27,23412,1
31,47890,0.4384,9,1,16,1,29819,1
33,83410,0.3813,7,0,12,27,0,0
54,56359,0.3731,3,1,6,7,23866,0
45,26375,0.0169,4,4,5,15,20286,0
27,46210,0.204,1,5,1,6,5506,1
24,87657,0.2908,3,4,19,2,30019,0
28,41610,0.182,6,1,10,28,0,0
40,60504,0.3216,2,1,14,3,5400,0
49,69877,0.2109,0,4,3,28,38179,0
65,66798,0.2025,7,5,6,6,9112,1
66,103989,0.1251,7,5,5,3,12599,0
30,31473,0.1,5,1,17,8,21350,0
63,33470,0.1298,6,5,18,22,14420,0
54,31804,0.3425,9,3,12,16,30363,0
46,49081,0.1917,1,5,5,16,22639,0
61,76987,0.2646,4,4,9,19,0,0
69,34365,0.1699,6,2,12,13,8976,1
23,77267,0.4765,8,4,9,13,7354,1
26,55702,0.1086,0,0,3,28,13048,0
25,32820,0.4902,2,3,1,24,21679,1
25,19972,0.1595,5,2,15,12,24594,0
67,24448,0.0494,6,1,10,3,0,0
43,41682,0.3886,5,0,14,12,35375,0
69,51616,0.3342,0,0,7,20,18636,0
29,81921,0.0549,3,3,4,16,3194,0
55,70981,0.2473,5,2,5,14,34284,0
40,38221,0.4014,7,0,16,29,0,0
69,63173,0.2192,9,2,3,17,0,0
62,88030,0.1081,3,2,17,10,51937,0
55,92478,0.5183,6,5,13,3,22194,1
38,48711,0.129,2,0,6,27,8941,0
37,74165,0.4198,7,2,5,19,21627,1
44,82799,0.3275,0,3,16,10,17276,0
23,24858,0.369,3,0,11,9,20536,0
52,44751,0.3485,7,3,17,21,27337,0
55,99400,0.29,9,3,5,12,17029,1
58,48979,0.329,3,2,6,21,25320,0
33,15000,0.4014,1,2,10,7,17629,0
67,52580,0.3506,1,5,1,27,7686,1
45,77492,0.2914,3,5,10,12,3408,1
29,55130,0.3507,3,0,17,8,39786,0
24,69307,0.5556,1,5,3,29,29711,1
34,73764,0.9006,6,1,2,0,35555,1
57,47901,0.1903,5,0,17,0,20056,0
54,44612,0.5044,2,3,4,14,23385,1
31,58068,0.5918,7,5,2,21,17324,1
61,58555,0.0837,7,5,5,3,37362,1
23,56081,0.3297,0,5,10,26,14827,0
48,56903,0.3432,2,2,1,19,5239,0
49,40029,0.6327,4,3,1,0,27819,1
29,70005,0.3958,1,5,4,24,17717,0
23,66984,0.0552,4,4,7,11,23748,0
45,28279,0.4584,9,4,14,10,30666,1
54,47216,0.1712,2,3,14,18,11313,0
32,56861,0.0407,8,5,18,14,16716,0
62,44313,0.6473,0,1,2,20,15343,0
29,67747,0.1766,3,1,1,9,39301,0
35,53662,0.0417,9,0,16,0,20214,1
60,58381,0.2684,5,0,18,23,22345,0
45,46985,0.253,8,5,16,2,2653,1
25,15135,0.345,2,0,6,13,30961,0
31,15000,0.2856,2,2,10,14,26421,0
54,66792,0.0868,4,1,2,0,7471,0
44,60338,0.2214,6,3,7,9,48844,1
35,63773,0.3313,4,5,17,21,25057,1
58,57689,0.2756,7,5,3,0,10645,1
28,59291,0.1324,4,4,12,14,19957,0
25,74380,0.6008,6,1,2,2,14471,0
68,63892,0.2898,5,1,7,20,43158,0
46,75818,0.051,9,1,17,19,33997,0
38,58429,0.2576,1,0,19,22,26810,0
26,48992,0.2926,2,2,12,21,45752,0
57,58884,0.6657,3,3,9,11,4426,1
68,38276,0.2951,4,0,14,18,31638,0
33,47403,0.1202,8,2,2,15,28208,1
48,58551,0.4871,5,1,4,26,16543,0
25,58286,0.5663,0,2,19,7,16610,0
33,52871,0.1865,2,0,16,23,33847,0
37,27236,0.0305,6,1,17,13,32748,0
60,67728,0.4503,7,0,2,17,0,1
65,71684,0.3643,6,3,17,22,47246,0
52,87873,0.1271,4,1,19,29,37141,0
49,63835,0.7503,9,2,8,0,15776,1
23,55029,0.4593,7,0,6,1,8131,1
60,34739,0.1077,8,4,12,23,36656,0
54,84840,0.5904,6,2,18,11,27446,0
60,59956,0.2733,8,2,2,16,30746,0
47,58867,0.14,0,1,19,1,28562,0
33,49918,0.1955,8,5,10,27,38218,1
65,48640,0.0913,2,2,3,16,32839,0
53,68765,0.1229,5,0,12,20,11991,0
26,34571,0.1348,7,4,16,6,11113,1
44,87508,0.2318,2,3,12,5,25339,0
39,83150,0.4888,3,4,8,5,54346,0
36,47918,0.3493,6,0,5,21,17753,0
60,37722,0.4135,6,1,11,7,25446,0
48,15000,0.3101,3,0,10,4,33418,0
53,29971,0.1462,8,5,3,14,13711,1
68,69598,0.4441,2,5,9,25,31962,1
61,61306,0.2598,7,5,12,6,20209,1
33,64873,0.4833,7,2,6,2,38748,1
63,18088,0.3897,3,1,19,24,5831,0
65,47083,0.3048,6,5,16,9,54708,1
45,82345,0.4711,3,3,14,2,15312,1
62,53079,0.5742,0,3,4,29,27821,0
56,29554,0.1156,0,0,18,13,20073,0
47,52767,0.118,0,5,10,21,3820,0
58,39579,0.1558,1,2,18,2,32498,0
27,61673,0.1785,5,3,12,0,16035,0
25,55410,0.4263,9,4,19,0,27885,1
63,65865,0.6247,4,1,8,18,7923,1
65,30641,0.0692,1,4,1,3,16102,1
51,46025,0.2936,7,3,14,29,15583,0
43,76808,0.3413,8,3,6,1,28259,0
62,27914,0.356,6,0,14,24,24617,0
30,34937,0.4162,8,0,2,10,17351,1
52,58985,0.4121,3,5,9,23,14450,1
63,60734,0.1134,6,1,12,11,24723,0
50,45223,0.1968,4,5,5,12,22965,0
59,49431,0.2804,4,0,2,15,21933,0
51,65664,0.6501,2,2,19,15,49540,0
38,71992,0.1682,8,1,7,18,28279,0
56,33615,0.3435,9,2,7,22,48860,1
22,62286,0.3036,4,5,10,19,18957,1
34,85240,0.3518,5,0,17,20,19273,0
33,52682,0.2348,2,1,14,19,12418,0
49,33403,0.32,9,5,11,8,24528,1
32,32478,0.0613,6,3,6,15,15115,0
59,51785,0.1655,8,5,8,26,12977,1
22,75716,0.0554,8,4,19,6,0,0
52,54184,0.4997,9,3,19,12,41987,0
33,58784,0.0585,9,2,17,3,14251,0
66,35073,0.326,4,3,18,12,42124,0
47,74662,0.2411,6,5,12,7,18556,0
69,32086,0.1718,2,3,9,1,29668,0
61,44910,0.2765,5,4,16,6,21114,1
37,67598,0.0796,7,5,18,10,26220,0
60,15000,0.4239,7,4,16,16,4864,0
51,58479,0.0149,1,3,16,23,37735,0
54,34218,0.5259,5,4,4,28,14497,1
44,55330,0.1518,6,3,7,13,33885,0
65,47958,0.3456,6,1,1,27,0,1
55,97116,0.3899,2,3,1,29,8682,0
68,47137,0.2241,8,0,8,12,25576,0
26,91853,0.2651,1,4,8,14,17545,1
39,66739,0.1514,2,4,10,21,26852,0
50,38970,0.3424,1,2,1,27,23113,0
27,61616,0.4674,8,2,14,20,47419,0
30,48911,0.1483,3,0,14,24,28105,0
61,59843,0.2346,1,4,10,8,13509,0
52,40722,0.5743,2,4,19,2,14101,1
54,88803,0.5197,3,2,16,24,38061,0
48,73507,0.6015,9,2,9,12,0,1
35,55635,0.4922,5,3,16,12,28387,1
50,89582,0.4861,4,5,8,8,3263,1
57,56485,0.3024,2,4,7,17,36638,0
49,76952,0.0865,9,4,11,4,13516,0
42,55766,0.4012,7,3,6,10,27893,1
24,62877,0.1449,7,4,15,1,20557,1
40,53371,0.0735,6,0,19,16,0,0
52,56906,0.0723,2,2,14,22,29604,0
56,58410,0.0933,0,2,15,19,9187,0
24,41605,0.283,4,5,6,20,32027,1
47,46978,0.3195,0,2,10,3,4970,0
37,50664,0.4115,5,1,14,21,23630,0
32,59594,0.08,6,0,16,26,20585,0
42,54388,0.1078,4,0,13,17,10961,0
37,78460,0.1671,3,3,11,23,40696,0
30,71942,0.1681,1,1,3,19,20503,0
21,51073,0.6081,4,4,8,7,13675,1
42,82635,0.3419,8,5,3,18,24481,1
46,92460,0.2569,3,0,2,11,0,0
38,15000,0.5427,1,1,14,27,56775,0
34,73645,0.1626,5,1,15,10,3714,0
67,41140,0.5754,7,0,3,15,28276,1
49,71014,0.076,1,3,1,4,20916,0
32,79764,0.1603,8,1,15,27,37706,0
56,37460,0.2299,6,2,2,2,22668,1
55,17953,0.52,1,1,18,11,10425,0
32,71708,0.2919,4,4,1,14,0,1
27,57708,0.142,4,0,9,15,0,0
49,21631,0.3018,6,4,3,12,16429,1
31,105591,0.2281,4,3,2,6,40555,0
53,67488,0.0698,5,5,4,14,0,0
26,68402,0.6456,8,2,16,2,47740,0
67,82316,0.0862,2,0,1,11,36304,0
35,43383,0.4214,2,1,9,7,0,0
52,57609,0.4843,7,2,8,24,3722,1
31,28613,0.391,9,1,6,28,5233,0
43,42841,0.4631,5,3,18,11,24489,1
46,62713,0.2679,9,5,16,17,19156,1
54,21694,0.1615,2,0,8,2,18595,0
66,42274,0.195,1,3,4,11,12430,1
54,36441,0.1391,1,3,3,28,22672,0
49,57841,0.1008,1,5,15,22,32556,0
24,66494,0.1349,4,3,6,20,18077,0
37,69843,0.3584,4,3,1,25,10059,1
55,74976,0.3772,0,1,18,22,34881,0
33,82442,0.1443,1,4,11,1,16679,0
61,67144,0.2553,1,1,3,13,28279,0
59,92746,0.6175,3,5,13,13,18501,1
35,57390,0.3726,6,2,17,3,36275,0
49,51533,0.2502,2,5,18,16,38498,0
49,67146,0.2667,4,5,14,14,37974,0
31,50671,0.0831,8,5,7,15,11721,0
52,92051,0.4164,4,5,7,4,11568,1
22,77619,0.1667,8,3,14,23,33106,0
67,70005,0.1382,0,5,15,16,19031,0
34,57628,0.2556,8,2,12,22,19486,0
40,46850,0.3076,4,5,12,6,9576,1
42,69026,0.629,7,1,8,22,41141,0
31,32458,0.414,4,3,16,14,35607,0
47,85687,0.4093,5,1,9,16,18215,0
23,51447,0.1664,7,3,2,11,10319,1
37,61102,0.2917,1,1,14,10,9655,0
64,36807,0.4586,2,0,16,18,21998,0
48,69459,0.1015,8,4,5,10,25801,1
49,45925,0.1292,4,4,5,1,7063,0
41,67984,0.49,4,3,18,14,1326,0
67,70147,0.5197,8,0,18,4,21194,0
36,42047,0.1294,9,2,5,17,32969,0
57,32529,0.3483,2,0,11,28,21107,1
40,85637,0.5373,3,3,13,29,16259,0
26,51154,0.2271,6,0,3,20,3049,0
39,59496,0.272,1,2,17,20,10490,0
25,64709,0.2638,7,3,18,15,33176,0
23,29925,0.2513,4,4,14,3,1201,0
21,64253,0.3778,0,5,12,26,46590,0
58,56982,0.4341,2,0,14,22,21276,0
35,42129,0.3312,8,4,18,9,0,1
54,31869,0.0827,4,4,2,21,27548,0
55,67117,0.1388,7,1,7,1,26753,0
69,77554,0.3013,0,2,15,14,13435,0
45,58571,0.3049,6,5,10,3,34089,1
44,26310,0.2482,6,0,15,28,10702,0
32,33853,0.7727,7,4,17,15,29479,1
38,46357,0.0947,2,4,11,29,19478,0
35,86292,0.1035,0,2,2,26,15746,0
64,50064,0.3089,8,5,18,6,40144,0
36,45628,0.3276,0,5,4,24,34753,0
47,21530,0.0794,5,4,9,24,3388,1
28,41866,0.1436,8,4,17,11,25704,0
66,30341,0.1874,1,4,17,2,48401,0
45,34936,0.6641,3,4,17,16,40533,0
37,57399,0.6147,1,1,16,8,6359,0
49,46976,0.1917,3,1,8,7,43939,0
28,88989,0.5547,1,5,15,22,33950,0
35,76560,0.1747,0,3,1,5,4271,1
47,42822,0.2361,2,0,19,29,23115,0
66,36663,0.6249,7,2,15,14,27164,0
27,82652,0.0273,4,3,9,9,3846,0
23,88200,0.2904,3,1,5,22,30591,0
49,15000,0.3536,4,1,16,26,56446,0
64,56857,0.109,5,1,13,24,40478,0
44,49962,0.165,5,3,16,5,22429,0
23,67982,0.0824,4,1,11,14,15779,0
40,93853,0.3085,5,3,13,29,24925,0
66,45318,0.3715,8,1,6,13,5371,0
35,15000,0.1197,4,4,17,25,12836,0
45,66580,0.0427,5,4,5,18,0,0
50,82799,0.0763,3,0,17,12,26518,0
34,48924,0.4611,2,1,1,13,14937,0
27,40899,0.0734,5,0,5,2,29270,0
37,46254,0.3687,4,3,5,3,21796,1
64,72004,0.1897,3,0,7,25,4837,0
40,45910,0.6095,4,1,16,28,23007,0
56,61575,0.4001,6,3,18,13,9297,0
29,55556,0.3688,0,3,6,13,44831,0
58,53492,0.7042,0,4,2,25,7347,1
68,69025,0.3579,0,3,13,7,12948,0
42,45428,0.2024,1,3,10,9,4796,0
22,46388,0.1266,8,0,11,8,3496,0
44,70952,0.4292,4,5,2,13,20450,1
28,35261,0.0713,8,3,8,7,1317,1
31,37395,0.5249,4,2,19,10,17181,0
33,29793,0.6096,6,5,17,9,26450,1
37,71980,0.243,5,4,16,17,13645,0
28,52895,0.4096,1,4,10,3,0,0
41,28727,0.1376,2,3,5,3,40009,1
38,72076,0.2075,4,0,14,11,23998,0
50,43889,0.5734,3,5,19,17,24178,0
38,37566,0.3095,5,4,4,28,16519,0
66,51086,0.503,7,4,16,7,32163,1
67,84574,0.303,7,2,15,2,34069,0
51,47100,0.1879,2,3,9,17,35569,0
58,66506,0.3292,3,5,3,6,24030,1
52,69541,0.3797,0,4,9,0,0,0
31,63865,0.4894,1,4,18,21,26077,1
65,80421,0.2849,8,4,4,12,24011,0
45,40857,0.426,9,4,19,28,11770,0
53,34133,0.2629,9,0,4,2,7972,0
58,33740,0.5066,1,1,9,28,28145,0
61,52110,0.3827,5,2,1,2,18862,1
28,36059,0.2782,6,0,1,14,14148,0
31,57950,0.1248,5,2,19,20,45086,0
42,56539,0.365,7,4,3,29,30073,1
44,75371,0.3685,8,2,10,18,26518,0
61,60822,0.247,7,3,12,27,38276,0
37,46676,0.2572,4,3,18,3,24955,0
32,63216,0.1677,7,1,14,12,9438,0
66,34396,0.2626,9,1,10,12,14156,0
52,54237,0.6523,9,2,10,14,30979,1
35,61388,0.2701,8,0,18,18,29372,0
36,57586,0.2463,7,0,1,15,26694,0
42,63301,0.0579,1,4,15,6,2934,0
48,42119,0.2193,1,0,8,2,32200,0
40,78040,0.2126,2,1,3,29,19024,0
53,91443,0.4252,6,0,18,25,28999,0
30,22946,0.2632,8,4,9,19,7547,1
60,30688,0.1877,7,3,16,1,49490,0
52,55861,0.3472,8,0,15,17,23712,0
53,49868,0.5211,5,0,5,24,13736,0
22,92928,0.0737,0,1,13,10,29692,0
53,59395,0.126,3,2,7,0,32870,0
53,82850,0.2676,5,3,16,15,29511,0
61,15000,0.151,5,2,7,16,5077,0
33,71283,0.1272,7,4,16,15,37140,1
50,40689,0.15,0,4,13,9,14827,0
53,40369,0.1609,1,2,17,16,19758,0
33,50032,0.4552,1,1,9,29,0,0
46,26508,0.0949,5,5,12,2,13039,0
42,63855,0.3417,6,1,13,17,12944,0
59,58814,0.1412,1,5,9,18,26759,0
22,60323,0.2408,4,5,5,13,12125,1
58,72740,0.2481,5,1,7,20,0,0
59,85295,0.1723,3,5,1,24,23657,0
46,47725,0.3679,0,5,4,1,16243,0
66,64547,0.4922,2,5,4,11,9071,0
35,60859,0.063,9,3,16,10,21312,0
54,62552,0.1861,8,4,5,29,0,1
62,62851,0.7999,5,5,4,16,29306,1
64,86810,0.1303,1,4,6,26,17257,0
69,45806,0.045,8,4,3,5,15990,1
60,24485,0.5718,3,3,8,18,34292,1
31,41042,0.1748,7,4,17,12,11962,0
23,70145,0.2243,9,2,18,6,23879,0
26,55466,0.0535,6,0,18,21,18057,0
29,45648,0.2745,2,3,12,10,68239,0
26,33470,0.2265,7,0,1,6,27325,0
29,59425,0.3846,3,2,12,12,2878,0
59,67890,0.0121,1,1,11,12,46283,0
51,61117,0.1037,4,1,13,20,35644,0
52,49933,0.1885,0,5,3,0,20674,0
61,57932,0.433,7,1,8,29,13440,0
32,57816,0.304,7,3,3,18,104,0
28,58793,0.1407,2,1,17,18,26458,0
28,31313,0.2983,0,3,13,22,9872,0
48,58946,0.5396,3,3,10,14,6800,1
40,46188,0.2809,8,0,17,13,31631,0
67,75812,0.1931,8,1,3,28,43173,0
27,57658,0.6589,0,4,13,2,12855,1
31,71709,0.2564,6,1,6,26,32088,0
40,48964,0.2419,5,1,14,20,23183,0
36,49685,0.0833,6,1,10,19,25382,0
24,84885,0.2759,6,5,16,3,7720,0
26,63726,0.3844,7,4,18,28,16814,1
42,40709,0.3304,7,4,13,6,3550,1
46,72939,0.119,9,3,10,0,1661,1
23,44333,0.3839,1,4,6,22,27774,1
61,59513,0.2677,3,3,10,23,12135,0
62,91733,0.3209,3,0,5,18,6273,0
34,26374,0.41,9,3,6,2,1857,1
31,51484,0.1857,7,1,7,19,0,0
38,63165,0.2377,2,2,11,14,0,0
32,70293,0.2998,2,2,16,12,21664,0
43,30175,0.2693,1,5,12,21,0,0
32,24284,0.1109,0,1,12,13,27069,0
33,76814,0.2679,7,3,5,6,26964,0
